"ID;SoortMisdrijf;RegioS;Perioden;GeregistreerdeMisdrijven_1"
"84;0.0.0;NL01;2018MM07;66412"
"85;0.0.0;NL01;2018MM08;64731"
"86;0.0.0;NL01;2018MM09;62989"
"87;0.0.0;NL01;2018MM10;69742"
"88;0.0.0;NL01;2018MM11;68584"
"89;0.0.0;NL01;2018MM12;63013"
"91;0.0.0;NL01;2019MM01;67089"
"92;0.0.0;NL01;2019MM02;60914"
"93;0.0.0;NL01;2019MM03;67208"
"94;0.0.0;NL01;2019MM04;65458"
"95;0.0.0;NL01;2019MM05;65801"
"96;0.0.0;NL01;2019MM06;65392"
"97;0.0.0;NL01;2019MM07;69986"
"98;0.0.0;NL01;2019MM08;64029"
"99;0.0.0;NL01;2019MM09;66057"
"100;0.0.0;NL01;2019MM10;72780"
"101;0.0.0;NL01;2019MM11;70216"
"102;0.0.0;NL01;2019MM12;68637"
"104;0.0.0;NL01;2020MM01;73921"
"105;0.0.0;NL01;2020MM02;66038"
"106;0.0.0;NL01;2020MM03;60890"
"107;0.0.0;NL01;2020MM04;56424"
"108;0.0.0;NL01;2020MM05;63993"
"109;0.0.0;NL01;2020MM06;67618"
"110;0.0.0;NL01;2020MM07;70549"
"111;0.0.0;NL01;2020MM08;66813"
"112;0.0.0;NL01;2020MM09;69372"
"113;0.0.0;NL01;2020MM10;69365"
"114;0.0.0;NL01;2020MM11;66805"
"115;0.0.0;NL01;2020MM12;64119"
"117;0.0.0;NL01;2021MM01;59557"
"118;0.0.0;NL01;2021MM02;51487"
"119;0.0.0;NL01;2021MM03;64521"
"120;0.0.0;NL01;2021MM04;56514"
"121;0.0.0;NL01;2021MM05;59690"
"122;0.0.0;NL01;2021MM06;63865"
"123;0.0.0;NL01;2021MM07;64660"
"124;0.0.0;NL01;2021MM08;61140"
"48084;1.1.1;NL01;2018MM07;3122"
"48085;1.1.1;NL01;2018MM08;3585"
"48086;1.1.1;NL01;2018MM09;2846"
"48087;1.1.1;NL01;2018MM10;3445"
"48088;1.1.1;NL01;2018MM11;4169"
"48089;1.1.1;NL01;2018MM12;5164"
"48091;1.1.1;NL01;2019MM01;4037"
"48092;1.1.1;NL01;2019MM02;3229"
"48093;1.1.1;NL01;2019MM03;3015"
"48094;1.1.1;NL01;2019MM04;2766"
"48095;1.1.1;NL01;2019MM05;2714"
"48096;1.1.1;NL01;2019MM06;2546"
"48097;1.1.1;NL01;2019MM07;2806"
"48098;1.1.1;NL01;2019MM08;3384"
"48099;1.1.1;NL01;2019MM09;2703"
"48100;1.1.1;NL01;2019MM10;3499"
"48101;1.1.1;NL01;2019MM11;4062"
"48102;1.1.1;NL01;2019MM12;4714"
"48104;1.1.1;NL01;2020MM01;4077"
"48105;1.1.1;NL01;2020MM02;3418"
"48106;1.1.1;NL01;2020MM03;2280"
"48107;1.1.1;NL01;2020MM04;1388"
"48108;1.1.1;NL01;2020MM05;1360"
"48109;1.1.1;NL01;2020MM06;1941"
"48110;1.1.1;NL01;2020MM07;2634"
"48111;1.1.1;NL01;2020MM08;2616"
"48112;1.1.1;NL01;2020MM09;2438"
"48113;1.1.1;NL01;2020MM10;2554"
"48114;1.1.1;NL01;2020MM11;2792"
"48115;1.1.1;NL01;2020MM12;3059"
"48117;1.1.1;NL01;2021MM01;2171"
"48118;1.1.1;NL01;2021MM02;1391"
"48119;1.1.1;NL01;2021MM03;1591"
"48120;1.1.1;NL01;2021MM04;1324"
"48121;1.1.1;NL01;2021MM05;1612"
"48122;1.1.1;NL01;2021MM06;1699"
"48123;1.1.1;NL01;2021MM07;2042"
"48124;1.1.1;NL01;2021MM08;2295"
"96084;1.1.2;NL01;2018MM07;938"
"96085;1.1.2;NL01;2018MM08;1011"
"96086;1.1.2;NL01;2018MM09;935"
"96087;1.1.2;NL01;2018MM10;1042"
"96088;1.1.2;NL01;2018MM11;1135"
"96089;1.1.2;NL01;2018MM12;985"
"96091;1.1.2;NL01;2019MM01;999"
"96092;1.1.2;NL01;2019MM02;993"
"96093;1.1.2;NL01;2019MM03;1151"
"96094;1.1.2;NL01;2019MM04;1014"
"96095;1.1.2;NL01;2019MM05;1083"
"96096;1.1.2;NL01;2019MM06;984"
"96097;1.1.2;NL01;2019MM07;1045"
"96098;1.1.2;NL01;2019MM08;1044"
"96099;1.1.2;NL01;2019MM09;976"
"96100;1.1.2;NL01;2019MM10;1006"
"96101;1.1.2;NL01;2019MM11;970"
"96102;1.1.2;NL01;2019MM12;984"
"96104;1.1.2;NL01;2020MM01;979"
"96105;1.1.2;NL01;2020MM02;972"
"96106;1.1.2;NL01;2020MM03;1120"
"96107;1.1.2;NL01;2020MM04;1266"
"96108;1.1.2;NL01;2020MM05;1321"
"96109;1.1.2;NL01;2020MM06;1143"
"96110;1.1.2;NL01;2020MM07;1219"
"96111;1.1.2;NL01;2020MM08;1078"
"96112;1.1.2;NL01;2020MM09;1121"
"96113;1.1.2;NL01;2020MM10;1145"
"96114;1.1.2;NL01;2020MM11;1285"
"96115;1.1.2;NL01;2020MM12;1156"
"96117;1.1.2;NL01;2021MM01;1123"
"96118;1.1.2;NL01;2021MM02;895"
"96119;1.1.2;NL01;2021MM03;1155"
"96120;1.1.2;NL01;2021MM04;1093"
"96121;1.1.2;NL01;2021MM05;1072"
"96122;1.1.2;NL01;2021MM06;939"
"96123;1.1.2;NL01;2021MM07;964"
"96124;1.1.2;NL01;2021MM08;1067"
"144084;1.2.1;NL01;2018MM07;3939"
"144085;1.2.1;NL01;2018MM08;4020"
"144086;1.2.1;NL01;2018MM09;4488"
"144087;1.2.1;NL01;2018MM10;5360"
"144088;1.2.1;NL01;2018MM11;4828"
"144089;1.2.1;NL01;2018MM12;4257"
"144091;1.2.1;NL01;2019MM01;4207"
"144092;1.2.1;NL01;2019MM02;3931"
"144093;1.2.1;NL01;2019MM03;4112"
"144094;1.2.1;NL01;2019MM04;4271"
"144095;1.2.1;NL01;2019MM05;3870"
"144096;1.2.1;NL01;2019MM06;3528"
"144097;1.2.1;NL01;2019MM07;3785"
"144098;1.2.1;NL01;2019MM08;3194"
"144099;1.2.1;NL01;2019MM09;3704"
"144100;1.2.1;NL01;2019MM10;4705"
"144101;1.2.1;NL01;2019MM11;4630"
"144102;1.2.1;NL01;2019MM12;4578"
"144104;1.2.1;NL01;2020MM01;4532"
"144105;1.2.1;NL01;2020MM02;4435"
"144106;1.2.1;NL01;2020MM03;3841"
"144107;1.2.1;NL01;2020MM04;3173"
"144108;1.2.1;NL01;2020MM05;2802"
"144109;1.2.1;NL01;2020MM06;3328"
"144110;1.2.1;NL01;2020MM07;3995"
"144111;1.2.1;NL01;2020MM08;3418"
"144112;1.2.1;NL01;2020MM09;4241"
"144113;1.2.1;NL01;2020MM10;4212"
"144114;1.2.1;NL01;2020MM11;3956"
"144115;1.2.1;NL01;2020MM12;3311"
"144117;1.2.1;NL01;2021MM01;2910"
"144118;1.2.1;NL01;2021MM02;1937"
"144119;1.2.1;NL01;2021MM03;2548"
"144120;1.2.1;NL01;2021MM04;2416"
"144121;1.2.1;NL01;2021MM05;3068"
"144122;1.2.1;NL01;2021MM06;3196"
"144123;1.2.1;NL01;2021MM07;3291"
"144124;1.2.1;NL01;2021MM08;3371"
"192084;1.2.2;NL01;2018MM07;899"
"192085;1.2.2;NL01;2018MM08;864"
"192086;1.2.2;NL01;2018MM09;883"
"192087;1.2.2;NL01;2018MM10;992"
"192088;1.2.2;NL01;2018MM11;955"
"192089;1.2.2;NL01;2018MM12;768"
"192091;1.2.2;NL01;2019MM01;776"
"192092;1.2.2;NL01;2019MM02;777"
"192093;1.2.2;NL01;2019MM03;832"
"192094;1.2.2;NL01;2019MM04;815"
"192095;1.2.2;NL01;2019MM05;834"
"192096;1.2.2;NL01;2019MM06;788"
"192097;1.2.2;NL01;2019MM07;844"
"192098;1.2.2;NL01;2019MM08;852"
"192099;1.2.2;NL01;2019MM09;875"
"192100;1.2.2;NL01;2019MM10;975"
"192101;1.2.2;NL01;2019MM11;867"
"192102;1.2.2;NL01;2019MM12;762"
"192104;1.2.2;NL01;2020MM01;810"
"192105;1.2.2;NL01;2020MM02;767"
"192106;1.2.2;NL01;2020MM03;853"
"192107;1.2.2;NL01;2020MM04;787"
"192108;1.2.2;NL01;2020MM05;829"
"192109;1.2.2;NL01;2020MM06;832"
"192110;1.2.2;NL01;2020MM07;810"
"192111;1.2.2;NL01;2020MM08;765"
"192112;1.2.2;NL01;2020MM09;820"
"192113;1.2.2;NL01;2020MM10;842"
"192114;1.2.2;NL01;2020MM11;878"
"192115;1.2.2;NL01;2020MM12;683"
"192117;1.2.2;NL01;2021MM01;652"
"192118;1.2.2;NL01;2021MM02;442"
"192119;1.2.2;NL01;2021MM03;603"
"192120;1.2.2;NL01;2021MM04;571"
"192121;1.2.2;NL01;2021MM05;753"
"192122;1.2.2;NL01;2021MM06;649"
"192123;1.2.2;NL01;2021MM07;725"
"192124;1.2.2;NL01;2021MM08;688"
"240084;1.2.3;NL01;2018MM07;7600"
"240085;1.2.3;NL01;2018MM08;7544"
"240086;1.2.3;NL01;2018MM09;8022"
"240087;1.2.3;NL01;2018MM10;8173"
"240088;1.2.3;NL01;2018MM11;7110"
"240089;1.2.3;NL01;2018MM12;5484"
"240091;1.2.3;NL01;2019MM01;5660"
"240092;1.2.3;NL01;2019MM02;5529"
"240093;1.2.3;NL01;2019MM03;6567"
"240094;1.2.3;NL01;2019MM04;6828"
"240095;1.2.3;NL01;2019MM05;7150"
"240096;1.2.3;NL01;2019MM06;7210"
"240097;1.2.3;NL01;2019MM07;7794"
"240098;1.2.3;NL01;2019MM08;7222"
"240099;1.2.3;NL01;2019MM09;7935"
"240100;1.2.3;NL01;2019MM10;7568"
"240101;1.2.3;NL01;2019MM11;6765"
"240102;1.2.3;NL01;2019MM12;5815"
"240104;1.2.3;NL01;2020MM01;6446"
"240105;1.2.3;NL01;2020MM02;5836"
"240106;1.2.3;NL01;2020MM03;5130"
"240107;1.2.3;NL01;2020MM04;4643"
"240108;1.2.3;NL01;2020MM05;5408"
"240109;1.2.3;NL01;2020MM06;6659"
"240110;1.2.3;NL01;2020MM07;7282"
"240111;1.2.3;NL01;2020MM08;7950"
"240112;1.2.3;NL01;2020MM09;8254"
"240113;1.2.3;NL01;2020MM10;7249"
"240114;1.2.3;NL01;2020MM11;6599"
"240115;1.2.3;NL01;2020MM12;4917"
"240117;1.2.3;NL01;2021MM01;4348"
"240118;1.2.3;NL01;2021MM02;3455"
"240119;1.2.3;NL01;2021MM03;5124"
"240120;1.2.3;NL01;2021MM04;4904"
"240121;1.2.3;NL01;2021MM05;5761"
"240122;1.2.3;NL01;2021MM06;6826"
"240123;1.2.3;NL01;2021MM07;7015"
"240124;1.2.3;NL01;2021MM08;6827"
"288084;1.2.4;NL01;2018MM07;1285"
"288085;1.2.4;NL01;2018MM08;1416"
"288086;1.2.4;NL01;2018MM09;1132"
"288087;1.2.4;NL01;2018MM10;1237"
"288088;1.2.4;NL01;2018MM11;1177"
"288089;1.2.4;NL01;2018MM12;1210"
"288091;1.2.4;NL01;2019MM01;998"
"288092;1.2.4;NL01;2019MM02;846"
"288093;1.2.4;NL01;2019MM03;1203"
"288094;1.2.4;NL01;2019MM04;1128"
"288095;1.2.4;NL01;2019MM05;1062"
"288096;1.2.4;NL01;2019MM06;1021"
"288097;1.2.4;NL01;2019MM07;1206"
"288098;1.2.4;NL01;2019MM08;1060"
"288099;1.2.4;NL01;2019MM09;812"
"288100;1.2.4;NL01;2019MM10;1157"
"288101;1.2.4;NL01;2019MM11;1149"
"288102;1.2.4;NL01;2019MM12;1212"
"288104;1.2.4;NL01;2020MM01;1049"
"288105;1.2.4;NL01;2020MM02;1139"
"288106;1.2.4;NL01;2020MM03;710"
"288107;1.2.4;NL01;2020MM04;230"
"288108;1.2.4;NL01;2020MM05;284"
"288109;1.2.4;NL01;2020MM06;464"
"288110;1.2.4;NL01;2020MM07;588"
"288111;1.2.4;NL01;2020MM08;595"
"288112;1.2.4;NL01;2020MM09;550"
"288113;1.2.4;NL01;2020MM10;484"
"288114;1.2.4;NL01;2020MM11;407"
"288115;1.2.4;NL01;2020MM12;414"
"288117;1.2.4;NL01;2021MM01;282"
"288118;1.2.4;NL01;2021MM02;284"
"288119;1.2.4;NL01;2021MM03;311"
"288120;1.2.4;NL01;2021MM04;346"
"288121;1.2.4;NL01;2021MM05;398"
"288122;1.2.4;NL01;2021MM06;554"
"288123;1.2.4;NL01;2021MM07;572"
"288124;1.2.4;NL01;2021MM08;518"
"336084;1.2.5;NL01;2018MM07;1139"
"336085;1.2.5;NL01;2018MM08;1098"
"336086;1.2.5;NL01;2018MM09;1042"
"336087;1.2.5;NL01;2018MM10;1335"
"336088;1.2.5;NL01;2018MM11;1455"
"336089;1.2.5;NL01;2018MM12;1202"
"336091;1.2.5;NL01;2019MM01;1312"
"336092;1.2.5;NL01;2019MM02;1285"
"336093;1.2.5;NL01;2019MM03;1459"
"336094;1.2.5;NL01;2019MM04;1411"
"336095;1.2.5;NL01;2019MM05;1321"
"336096;1.2.5;NL01;2019MM06;1339"
"336097;1.2.5;NL01;2019MM07;1397"
"336098;1.2.5;NL01;2019MM08;1307"
"336099;1.2.5;NL01;2019MM09;1487"
"336100;1.2.5;NL01;2019MM10;1718"
"336101;1.2.5;NL01;2019MM11;1592"
"336102;1.2.5;NL01;2019MM12;1352"
"336104;1.2.5;NL01;2020MM01;1401"
"336105;1.2.5;NL01;2020MM02;1371"
"336106;1.2.5;NL01;2020MM03;1457"
"336107;1.2.5;NL01;2020MM04;1377"
"336108;1.2.5;NL01;2020MM05;1371"
"336109;1.2.5;NL01;2020MM06;1443"
"336110;1.2.5;NL01;2020MM07;1446"
"336111;1.2.5;NL01;2020MM08;1434"
"336112;1.2.5;NL01;2020MM09;1498"
"336113;1.2.5;NL01;2020MM10;1761"
"336114;1.2.5;NL01;2020MM11;1559"
"336115;1.2.5;NL01;2020MM12;1426"
"336117;1.2.5;NL01;2021MM01;1320"
"336118;1.2.5;NL01;2021MM02;970"
"336119;1.2.5;NL01;2021MM03;1322"
"336120;1.2.5;NL01;2021MM04;1138"
"336121;1.2.5;NL01;2021MM05;1460"
"336122;1.2.5;NL01;2021MM06;1382"
"336123;1.2.5;NL01;2021MM07;1432"
"336124;1.2.5;NL01;2021MM08;1367"
"384084;1.3.1;NL01;2018MM07;6956"
"384085;1.3.1;NL01;2018MM08;6213"
"384086;1.3.1;NL01;2018MM09;6499"
"384087;1.3.1;NL01;2018MM10;7413"
"384088;1.3.1;NL01;2018MM11;7333"
"384089;1.3.1;NL01;2018MM12;6767"
"384091;1.3.1;NL01;2019MM01;7125"
"384092;1.3.1;NL01;2019MM02;6750"
"384093;1.3.1;NL01;2019MM03;7072"
"384094;1.3.1;NL01;2019MM04;6825"
"384095;1.3.1;NL01;2019MM05;7126"
"384096;1.3.1;NL01;2019MM06;6627"
"384097;1.3.1;NL01;2019MM07;7249"
"384098;1.3.1;NL01;2019MM08;6124"
"384099;1.3.1;NL01;2019MM09;6429"
"384100;1.3.1;NL01;2019MM10;7433"
"384101;1.3.1;NL01;2019MM11;7294"
"384102;1.3.1;NL01;2019MM12;6990"
"384104;1.3.1;NL01;2020MM01;6914"
"384105;1.3.1;NL01;2020MM02;6622"
"384106;1.3.1;NL01;2020MM03;6062"
"384107;1.3.1;NL01;2020MM04;4815"
"384108;1.3.1;NL01;2020MM05;5719"
"384109;1.3.1;NL01;2020MM06;6259"
"384110;1.3.1;NL01;2020MM07;6932"
"384111;1.3.1;NL01;2020MM08;5835"
"384112;1.3.1;NL01;2020MM09;6535"
"384113;1.3.1;NL01;2020MM10;6490"
"384114;1.3.1;NL01;2020MM11;6202"
"384115;1.3.1;NL01;2020MM12;6119"
"384117;1.3.1;NL01;2021MM01;5747"
"384118;1.3.1;NL01;2021MM02;5833"
"384119;1.3.1;NL01;2021MM03;5871"
"384120;1.3.1;NL01;2021MM04;5747"
"384121;1.3.1;NL01;2021MM05;5984"
"384122;1.3.1;NL01;2021MM06;6666"
"384123;1.3.1;NL01;2021MM07;6566"
"384124;1.3.1;NL01;2021MM08;5419"
"432084;1.4.1;NL01;2018MM07;840"
"432085;1.4.1;NL01;2018MM08;754"
"432086;1.4.1;NL01;2018MM09;665"
"432087;1.4.1;NL01;2018MM10;672"
"432088;1.4.1;NL01;2018MM11;586"
"432089;1.4.1;NL01;2018MM12;560"
"432091;1.4.1;NL01;2019MM01;629"
"432092;1.4.1;NL01;2019MM02;522"
"432093;1.4.1;NL01;2019MM03;603"
"432094;1.4.1;NL01;2019MM04;584"
"432095;1.4.1;NL01;2019MM05;652"
"432096;1.4.1;NL01;2019MM06;737"
"432097;1.4.1;NL01;2019MM07;676"
"432098;1.4.1;NL01;2019MM08;621"
"432099;1.4.1;NL01;2019MM09;598"
"432100;1.4.1;NL01;2019MM10;638"
"432101;1.4.1;NL01;2019MM11;529"
"432102;1.4.1;NL01;2019MM12;545"
"432104;1.4.1;NL01;2020MM01;612"
"432105;1.4.1;NL01;2020MM02;602"
"432106;1.4.1;NL01;2020MM03;458"
"432107;1.4.1;NL01;2020MM04;435"
"432108;1.4.1;NL01;2020MM05;545"
"432109;1.4.1;NL01;2020MM06;716"
"432110;1.4.1;NL01;2020MM07;683"
"432111;1.4.1;NL01;2020MM08;640"
"432112;1.4.1;NL01;2020MM09;697"
"432113;1.4.1;NL01;2020MM10;646"
"432114;1.4.1;NL01;2020MM11;636"
"432115;1.4.1;NL01;2020MM12;533"
"432117;1.4.1;NL01;2021MM01;"
"432118;1.4.1;NL01;2021MM02;"
"432119;1.4.1;NL01;2021MM03;"
"432120;1.4.1;NL01;2021MM04;"
"432121;1.4.1;NL01;2021MM05;"
"432122;1.4.1;NL01;2021MM06;"
"432123;1.4.1;NL01;2021MM07;"
"432124;1.4.1;NL01;2021MM08;"
"480084;1.4.2;NL01;2018MM07;244"
"480085;1.4.2;NL01;2018MM08;225"
"480086;1.4.2;NL01;2018MM09;208"
"480087;1.4.2;NL01;2018MM10;223"
"480088;1.4.2;NL01;2018MM11;197"
"480089;1.4.2;NL01;2018MM12;214"
"480091;1.4.2;NL01;2019MM01;193"
"480092;1.4.2;NL01;2019MM02;197"
"480093;1.4.2;NL01;2019MM03;189"
"480094;1.4.2;NL01;2019MM04;216"
"480095;1.4.2;NL01;2019MM05;231"
"480096;1.4.2;NL01;2019MM06;228"
"480097;1.4.2;NL01;2019MM07;271"
"480098;1.4.2;NL01;2019MM08;190"
"480099;1.4.2;NL01;2019MM09;236"
"480100;1.4.2;NL01;2019MM10;234"
"480101;1.4.2;NL01;2019MM11;191"
"480102;1.4.2;NL01;2019MM12;224"
"480104;1.4.2;NL01;2020MM01;232"
"480105;1.4.2;NL01;2020MM02;185"
"480106;1.4.2;NL01;2020MM03;196"
"480107;1.4.2;NL01;2020MM04;225"
"480108;1.4.2;NL01;2020MM05;246"
"480109;1.4.2;NL01;2020MM06;275"
"480110;1.4.2;NL01;2020MM07;224"
"480111;1.4.2;NL01;2020MM08;256"
"480112;1.4.2;NL01;2020MM09;235"
"480113;1.4.2;NL01;2020MM10;197"
"480114;1.4.2;NL01;2020MM11;195"
"480115;1.4.2;NL01;2020MM12;209"
"480117;1.4.2;NL01;2021MM01;214"
"480118;1.4.2;NL01;2021MM02;159"
"480119;1.4.2;NL01;2021MM03;177"
"480120;1.4.2;NL01;2021MM04;201"
"480121;1.4.2;NL01;2021MM05;257"
"480122;1.4.2;NL01;2021MM06;251"
"480123;1.4.2;NL01;2021MM07;207"
"480124;1.4.2;NL01;2021MM08;240"
"528084;1.4.3;NL01;2018MM07;316"
"528085;1.4.3;NL01;2018MM08;252"
"528086;1.4.3;NL01;2018MM09;300"
"528087;1.4.3;NL01;2018MM10;356"
"528088;1.4.3;NL01;2018MM11;306"
"528089;1.4.3;NL01;2018MM12;336"
"528091;1.4.3;NL01;2019MM01;307"
"528092;1.4.3;NL01;2019MM02;242"
"528093;1.4.3;NL01;2019MM03;322"
"528094;1.4.3;NL01;2019MM04;314"
"528095;1.4.3;NL01;2019MM05;326"
"528096;1.4.3;NL01;2019MM06;392"
"528097;1.4.3;NL01;2019MM07;314"
"528098;1.4.3;NL01;2019MM08;278"
"528099;1.4.3;NL01;2019MM09;327"
"528100;1.4.3;NL01;2019MM10;336"
"528101;1.4.3;NL01;2019MM11;297"
"528102;1.4.3;NL01;2019MM12;275"
"528104;1.4.3;NL01;2020MM01;272"
"528105;1.4.3;NL01;2020MM02;286"
"528106;1.4.3;NL01;2020MM03;186"
"528107;1.4.3;NL01;2020MM04;180"
"528108;1.4.3;NL01;2020MM05;256"
"528109;1.4.3;NL01;2020MM06;317"
"528110;1.4.3;NL01;2020MM07;248"
"528111;1.4.3;NL01;2020MM08;288"
"528112;1.4.3;NL01;2020MM09;260"
"528113;1.4.3;NL01;2020MM10;242"
"528114;1.4.3;NL01;2020MM11;215"
"528115;1.4.3;NL01;2020MM12;147"
"528117;1.4.3;NL01;2021MM01;290"
"528118;1.4.3;NL01;2021MM02;266"
"528119;1.4.3;NL01;2021MM03;224"
"528120;1.4.3;NL01;2021MM04;246"
"528121;1.4.3;NL01;2021MM05;328"
"528122;1.4.3;NL01;2021MM06;328"
"528123;1.4.3;NL01;2021MM07;283"
"528124;1.4.3;NL01;2021MM08;207"
"576084;1.4.4;NL01;2018MM07;2532"
"576085;1.4.4;NL01;2018MM08;2434"
"576086;1.4.4;NL01;2018MM09;2134"
"576087;1.4.4;NL01;2018MM10;2295"
"576088;1.4.4;NL01;2018MM11;2121"
"576089;1.4.4;NL01;2018MM12;2115"
"576091;1.4.4;NL01;2019MM01;2351"
"576092;1.4.4;NL01;2019MM02;2114"
"576093;1.4.4;NL01;2019MM03;2334"
"576094;1.4.4;NL01;2019MM04;2453"
"576095;1.4.4;NL01;2019MM05;2436"
"576096;1.4.4;NL01;2019MM06;2379"
"576097;1.4.4;NL01;2019MM07;2522"
"576098;1.4.4;NL01;2019MM08;2250"
"576099;1.4.4;NL01;2019MM09;2273"
"576100;1.4.4;NL01;2019MM10;2479"
"576101;1.4.4;NL01;2019MM11;2484"
"576102;1.4.4;NL01;2019MM12;2213"
"576104;1.4.4;NL01;2020MM01;2369"
"576105;1.4.4;NL01;2020MM02;2211"
"576106;1.4.4;NL01;2020MM03;2318"
"576107;1.4.4;NL01;2020MM04;2475"
"576108;1.4.4;NL01;2020MM05;2584"
"576109;1.4.4;NL01;2020MM06;2739"
"576110;1.4.4;NL01;2020MM07;2505"
"576111;1.4.4;NL01;2020MM08;2583"
"576112;1.4.4;NL01;2020MM09;2546"
"576113;1.4.4;NL01;2020MM10;2486"
"576114;1.4.4;NL01;2020MM11;2466"
"576115;1.4.4;NL01;2020MM12;2253"
"576117;1.4.4;NL01;2021MM01;2218"
"576118;1.4.4;NL01;2021MM02;1987"
"576119;1.4.4;NL01;2021MM03;2333"
"576120;1.4.4;NL01;2021MM04;2282"
"576121;1.4.4;NL01;2021MM05;2308"
"576122;1.4.4;NL01;2021MM06;2469"
"576123;1.4.4;NL01;2021MM07;2365"
"576124;1.4.4;NL01;2021MM08;2122"
"624084;1.4.5;NL01;2018MM07;4041"
"624085;1.4.5;NL01;2018MM08;3588"
"624086;1.4.5;NL01;2018MM09;3399"
"624087;1.4.5;NL01;2018MM10;3647"
"624088;1.4.5;NL01;2018MM11;3275"
"624089;1.4.5;NL01;2018MM12;3305"
"624091;1.4.5;NL01;2019MM01;3280"
"624092;1.4.5;NL01;2019MM02;3002"
"624093;1.4.5;NL01;2019MM03;3566"
"624094;1.4.5;NL01;2019MM04;3541"
"624095;1.4.5;NL01;2019MM05;3661"
"624096;1.4.5;NL01;2019MM06;3764"
"624097;1.4.5;NL01;2019MM07;3876"
"624098;1.4.5;NL01;2019MM08;3524"
"624099;1.4.5;NL01;2019MM09;3336"
"624100;1.4.5;NL01;2019MM10;3481"
"624101;1.4.5;NL01;2019MM11;3412"
"624102;1.4.5;NL01;2019MM12;3346"
"624104;1.4.5;NL01;2020MM01;3339"
"624105;1.4.5;NL01;2020MM02;3251"
"624106;1.4.5;NL01;2020MM03;3004"
"624107;1.4.5;NL01;2020MM04;2853"
"624108;1.4.5;NL01;2020MM05;3189"
"624109;1.4.5;NL01;2020MM06;3560"
"624110;1.4.5;NL01;2020MM07;3226"
"624111;1.4.5;NL01;2020MM08;3524"
"624112;1.4.5;NL01;2020MM09;3183"
"624113;1.4.5;NL01;2020MM10;2896"
"624114;1.4.5;NL01;2020MM11;2793"
"624115;1.4.5;NL01;2020MM12;2693"
"624117;1.4.5;NL01;2021MM01;2591"
"624118;1.4.5;NL01;2021MM02;2393"
"624119;1.4.5;NL01;2021MM03;2730"
"624120;1.4.5;NL01;2021MM04;2780"
"624121;1.4.5;NL01;2021MM05;3077"
"624122;1.4.5;NL01;2021MM06;3571"
"624123;1.4.5;NL01;2021MM07;3310"
"624124;1.4.5;NL01;2021MM08;2838"
"672084;1.4.6;NL01;2018MM07;293"
"672085;1.4.6;NL01;2018MM08;292"
"672086;1.4.6;NL01;2018MM09;260"
"672087;1.4.6;NL01;2018MM10;312"
"672088;1.4.6;NL01;2018MM11;344"
"672089;1.4.6;NL01;2018MM12;343"
"672091;1.4.6;NL01;2019MM01;311"
"672092;1.4.6;NL01;2019MM02;257"
"672093;1.4.6;NL01;2019MM03;287"
"672094;1.4.6;NL01;2019MM04;283"
"672095;1.4.6;NL01;2019MM05;283"
"672096;1.4.6;NL01;2019MM06;314"
"672097;1.4.6;NL01;2019MM07;292"
"672098;1.4.6;NL01;2019MM08;305"
"672099;1.4.6;NL01;2019MM09;290"
"672100;1.4.6;NL01;2019MM10;370"
"672101;1.4.6;NL01;2019MM11;399"
"672102;1.4.6;NL01;2019MM12;390"
"672104;1.4.6;NL01;2020MM01;408"
"672105;1.4.6;NL01;2020MM02;310"
"672106;1.4.6;NL01;2020MM03;240"
"672107;1.4.6;NL01;2020MM04;178"
"672108;1.4.6;NL01;2020MM05;226"
"672109;1.4.6;NL01;2020MM06;249"
"672110;1.4.6;NL01;2020MM07;272"
"672111;1.4.6;NL01;2020MM08;280"
"672112;1.4.6;NL01;2020MM09;292"
"672113;1.4.6;NL01;2020MM10;261"
"672114;1.4.6;NL01;2020MM11;260"
"672115;1.4.6;NL01;2020MM12;211"
"672117;1.4.6;NL01;2021MM01;202"
"672118;1.4.6;NL01;2021MM02;143"
"672119;1.4.6;NL01;2021MM03;155"
"672120;1.4.6;NL01;2021MM04;141"
"672121;1.4.6;NL01;2021MM05;184"
"672122;1.4.6;NL01;2021MM06;195"
"672123;1.4.6;NL01;2021MM07;242"
"672124;1.4.6;NL01;2021MM08;213"
"720084;1.4.7;NL01;2018MM07;46"
"720085;1.4.7;NL01;2018MM08;76"
"720086;1.4.7;NL01;2018MM09;81"
"720087;1.4.7;NL01;2018MM10;99"
"720088;1.4.7;NL01;2018MM11;151"
"720089;1.4.7;NL01;2018MM12;149"
"720091;1.4.7;NL01;2019MM01;110"
"720092;1.4.7;NL01;2019MM02;133"
"720093;1.4.7;NL01;2019MM03;130"
"720094;1.4.7;NL01;2019MM04;95"
"720095;1.4.7;NL01;2019MM05;86"
"720096;1.4.7;NL01;2019MM06;82"
"720097;1.4.7;NL01;2019MM07;59"
"720098;1.4.7;NL01;2019MM08;62"
"720099;1.4.7;NL01;2019MM09;70"
"720100;1.4.7;NL01;2019MM10;104"
"720101;1.4.7;NL01;2019MM11;129"
"720102;1.4.7;NL01;2019MM12;117"
"720104;1.4.7;NL01;2020MM01;98"
"720105;1.4.7;NL01;2020MM02;138"
"720106;1.4.7;NL01;2020MM03;104"
"720107;1.4.7;NL01;2020MM04;64"
"720108;1.4.7;NL01;2020MM05;44"
"720109;1.4.7;NL01;2020MM06;43"
"720110;1.4.7;NL01;2020MM07;57"
"720111;1.4.7;NL01;2020MM08;60"
"720112;1.4.7;NL01;2020MM09;63"
"720113;1.4.7;NL01;2020MM10;72"
"720114;1.4.7;NL01;2020MM11;80"
"720115;1.4.7;NL01;2020MM12;85"
"720117;1.4.7;NL01;2021MM01;79"
"720118;1.4.7;NL01;2021MM02;57"
"720119;1.4.7;NL01;2021MM03;52"
"720120;1.4.7;NL01;2021MM04;60"
"720121;1.4.7;NL01;2021MM05;39"
"720122;1.4.7;NL01;2021MM06;44"
"720123;1.4.7;NL01;2021MM07;44"
"720124;1.4.7;NL01;2021MM08;52"
"768084;1.5.2;NL01;2018MM07;257"
"768085;1.5.2;NL01;2018MM08;204"
"768086;1.5.2;NL01;2018MM09;139"
"768087;1.5.2;NL01;2018MM10;166"
"768088;1.5.2;NL01;2018MM11;73"
"768089;1.5.2;NL01;2018MM12;84"
"768091;1.5.2;NL01;2019MM01;80"
"768092;1.5.2;NL01;2019MM02;98"
"768093;1.5.2;NL01;2019MM03;107"
"768094;1.5.2;NL01;2019MM04;130"
"768095;1.5.2;NL01;2019MM05;151"
"768096;1.5.2;NL01;2019MM06;173"
"768097;1.5.2;NL01;2019MM07;218"
"768098;1.5.2;NL01;2019MM08;205"
"768099;1.5.2;NL01;2019MM09;143"
"768100;1.5.2;NL01;2019MM10;117"
"768101;1.5.2;NL01;2019MM11;73"
"768102;1.5.2;NL01;2019MM12;65"
"768104;1.5.2;NL01;2020MM01;61"
"768105;1.5.2;NL01;2020MM02;91"
"768106;1.5.2;NL01;2020MM03;83"
"768107;1.5.2;NL01;2020MM04;156"
"768108;1.5.2;NL01;2020MM05;239"
"768109;1.5.2;NL01;2020MM06;233"
"768110;1.5.2;NL01;2020MM07;216"
"768111;1.5.2;NL01;2020MM08;215"
"768112;1.5.2;NL01;2020MM09;147"
"768113;1.5.2;NL01;2020MM10;111"
"768114;1.5.2;NL01;2020MM11;55"
"768115;1.5.2;NL01;2020MM12;61"
"768117;1.5.2;NL01;2021MM01;54"
"768118;1.5.2;NL01;2021MM02;46"
"768119;1.5.2;NL01;2021MM03;76"
"768120;1.5.2;NL01;2021MM04;100"
"768121;1.5.2;NL01;2021MM05;104"
"768122;1.5.2;NL01;2021MM06;128"
"768123;1.5.2;NL01;2021MM07;159"
"768124;1.5.2;NL01;2021MM08;205"
"816084;1.6.1;NL01;2018MM07;379"
"816085;1.6.1;NL01;2018MM08;355"
"816086;1.6.1;NL01;2018MM09;382"
"816087;1.6.1;NL01;2018MM10;400"
"816088;1.6.1;NL01;2018MM11;364"
"816089;1.6.1;NL01;2018MM12;516"
"816091;1.6.1;NL01;2019MM01;506"
"816092;1.6.1;NL01;2019MM02;328"
"816093;1.6.1;NL01;2019MM03;335"
"816094;1.6.1;NL01;2019MM04;356"
"816095;1.6.1;NL01;2019MM05;401"
"816096;1.6.1;NL01;2019MM06;368"
"816097;1.6.1;NL01;2019MM07;404"
"816098;1.6.1;NL01;2019MM08;343"
"816099;1.6.1;NL01;2019MM09;353"
"816100;1.6.1;NL01;2019MM10;337"
"816101;1.6.1;NL01;2019MM11;355"
"816102;1.6.1;NL01;2019MM12;651"
"816104;1.6.1;NL01;2020MM01;729"
"816105;1.6.1;NL01;2020MM02;326"
"816106;1.6.1;NL01;2020MM03;376"
"816107;1.6.1;NL01;2020MM04;479"
"816108;1.6.1;NL01;2020MM05;508"
"816109;1.6.1;NL01;2020MM06;391"
"816110;1.6.1;NL01;2020MM07;322"
"816111;1.6.1;NL01;2020MM08;359"
"816112;1.6.1;NL01;2020MM09;341"
"816113;1.6.1;NL01;2020MM10;339"
"816114;1.6.1;NL01;2020MM11;383"
"816115;1.6.1;NL01;2020MM12;473"
"816117;1.6.1;NL01;2021MM01;608"
"816118;1.6.1;NL01;2021MM02;204"
"816119;1.6.1;NL01;2021MM03;265"
"816120;1.6.1;NL01;2021MM04;287"
"816121;1.6.1;NL01;2021MM05;308"
"816122;1.6.1;NL01;2021MM06;314"
"816123;1.6.1;NL01;2021MM07;299"
"816124;1.6.1;NL01;2021MM08;286"
"864084;1.6.2;NL01;2018MM07;8515"
"864085;1.6.2;NL01;2018MM08;7932"
"864086;1.6.2;NL01;2018MM09;6908"
"864087;1.6.2;NL01;2018MM10;7942"
"864088;1.6.2;NL01;2018MM11;7845"
"864089;1.6.2;NL01;2018MM12;6464"
"864091;1.6.2;NL01;2019MM01;7195"
"864092;1.6.2;NL01;2019MM02;6383"
"864093;1.6.2;NL01;2019MM03;7063"
"864094;1.6.2;NL01;2019MM04;7272"
"864095;1.6.2;NL01;2019MM05;7583"
"864096;1.6.2;NL01;2019MM06;6986"
"864097;1.6.2;NL01;2019MM07;8563"
"864098;1.6.2;NL01;2019MM08;7509"
"864099;1.6.2;NL01;2019MM09;7334"
"864100;1.6.2;NL01;2019MM10;7559"
"864101;1.6.2;NL01;2019MM11;7985"
"864102;1.6.2;NL01;2019MM12;7010"
"864104;1.6.2;NL01;2020MM01;7774"
"864105;1.6.2;NL01;2020MM02;7104"
"864106;1.6.2;NL01;2020MM03;6243"
"864107;1.6.2;NL01;2020MM04;5503"
"864108;1.6.2;NL01;2020MM05;5913"
"864109;1.6.2;NL01;2020MM06;6131"
"864110;1.6.2;NL01;2020MM07;7157"
"864111;1.6.2;NL01;2020MM08;6742"
"864112;1.6.2;NL01;2020MM09;6838"
"864113;1.6.2;NL01;2020MM10;6191"
"864114;1.6.2;NL01;2020MM11;6016"
"864115;1.6.2;NL01;2020MM12;5731"
"864117;1.6.2;NL01;2021MM01;4942"
"864118;1.6.2;NL01;2021MM02;4453"
"864119;1.6.2;NL01;2021MM03;5636"
"864120;1.6.2;NL01;2021MM04;4794"
"864121;1.6.2;NL01;2021MM05;4906"
"864122;1.6.2;NL01;2021MM06;6016"
"864123;1.6.2;NL01;2021MM07;6645"
"864124;1.6.2;NL01;2021MM08;6068"
"912084;1.6.3;NL01;2018MM07;51"
"912085;1.6.3;NL01;2018MM08;58"
"912086;1.6.3;NL01;2018MM09;38"
"912087;1.6.3;NL01;2018MM10;44"
"912088;1.6.3;NL01;2018MM11;48"
"912089;1.6.3;NL01;2018MM12;55"
"912091;1.6.3;NL01;2019MM01;62"
"912092;1.6.3;NL01;2019MM02;75"
"912093;1.6.3;NL01;2019MM03;80"
"912094;1.6.3;NL01;2019MM04;80"
"912095;1.6.3;NL01;2019MM05;101"
"912096;1.6.3;NL01;2019MM06;89"
"912097;1.6.3;NL01;2019MM07;110"
"912098;1.6.3;NL01;2019MM08;79"
"912099;1.6.3;NL01;2019MM09;64"
"912100;1.6.3;NL01;2019MM10;92"
"912101;1.6.3;NL01;2019MM11;81"
"912102;1.6.3;NL01;2019MM12;53"
"912104;1.6.3;NL01;2020MM01;72"
"912105;1.6.3;NL01;2020MM02;51"
"912106;1.6.3;NL01;2020MM03;43"
"912107;1.6.3;NL01;2020MM04;29"
"912108;1.6.3;NL01;2020MM05;34"
"912109;1.6.3;NL01;2020MM06;41"
"912110;1.6.3;NL01;2020MM07;59"
"912111;1.6.3;NL01;2020MM08;45"
"912112;1.6.3;NL01;2020MM09;41"
"912113;1.6.3;NL01;2020MM10;43"
"912114;1.6.3;NL01;2020MM11;35"
"912115;1.6.3;NL01;2020MM12;50"
"912117;1.6.3;NL01;2021MM01;46"
"912118;1.6.3;NL01;2021MM02;34"
"912119;1.6.3;NL01;2021MM03;53"
"912120;1.6.3;NL01;2021MM04;52"
"912121;1.6.3;NL01;2021MM05;45"
"912122;1.6.3;NL01;2021MM06;54"
"912123;1.6.3;NL01;2021MM07;45"
"912124;1.6.3;NL01;2021MM08;31"
"960084;2.1.1;NL01;2018MM07;11"
"960085;2.1.1;NL01;2018MM08;10"
"960086;2.1.1;NL01;2018MM09;8"
"960087;2.1.1;NL01;2018MM10;11"
"960088;2.1.1;NL01;2018MM11;17"
"960089;2.1.1;NL01;2018MM12;13"
"960091;2.1.1;NL01;2019MM01;9"
"960092;2.1.1;NL01;2019MM02;13"
"960093;2.1.1;NL01;2019MM03;22"
"960094;2.1.1;NL01;2019MM04;11"
"960095;2.1.1;NL01;2019MM05;18"
"960096;2.1.1;NL01;2019MM06;13"
"960097;2.1.1;NL01;2019MM07;10"
"960098;2.1.1;NL01;2019MM08;14"
"960099;2.1.1;NL01;2019MM09;36"
"960100;2.1.1;NL01;2019MM10;14"
"960101;2.1.1;NL01;2019MM11;17"
"960102;2.1.1;NL01;2019MM12;15"
"960104;2.1.1;NL01;2020MM01;12"
"960105;2.1.1;NL01;2020MM02;18"
"960106;2.1.1;NL01;2020MM03;10"
"960107;2.1.1;NL01;2020MM04;9"
"960108;2.1.1;NL01;2020MM05;10"
"960109;2.1.1;NL01;2020MM06;18"
"960110;2.1.1;NL01;2020MM07;8"
"960111;2.1.1;NL01;2020MM08;8"
"960112;2.1.1;NL01;2020MM09;17"
"960113;2.1.1;NL01;2020MM10;14"
"960114;2.1.1;NL01;2020MM11;20"
"960115;2.1.1;NL01;2020MM12;16"
"960117;2.1.1;NL01;2021MM01;12"
"960118;2.1.1;NL01;2021MM02;7"
"960119;2.1.1;NL01;2021MM03;9"
"960120;2.1.1;NL01;2021MM04;12"
"960121;2.1.1;NL01;2021MM05;13"
"960122;2.1.1;NL01;2021MM06;16"
"960123;2.1.1;NL01;2021MM07;14"
"960124;2.1.1;NL01;2021MM08;9"
"1008084;2.2.1;NL01;2018MM07;5979"
"1008085;2.2.1;NL01;2018MM08;5668"
"1008086;2.2.1;NL01;2018MM09;5511"
"1008087;2.2.1;NL01;2018MM10;5955"
"1008088;2.2.1;NL01;2018MM11;5903"
"1008089;2.2.1;NL01;2018MM12;5952"
"1008091;2.2.1;NL01;2019MM01;8043"
"1008092;2.2.1;NL01;2019MM02;5918"
"1008093;2.2.1;NL01;2019MM03;6586"
"1008094;2.2.1;NL01;2019MM04;6410"
"1008095;2.2.1;NL01;2019MM05;6613"
"1008096;2.2.1;NL01;2019MM06;6080"
"1008097;2.2.1;NL01;2019MM07;6268"
"1008098;2.2.1;NL01;2019MM08;5406"
"1008099;2.2.1;NL01;2019MM09;5996"
"1008100;2.2.1;NL01;2019MM10;6695"
"1008101;2.2.1;NL01;2019MM11;6290"
"1008102;2.2.1;NL01;2019MM12;6608"
"1008104;2.2.1;NL01;2020MM01;9164"
"1008105;2.2.1;NL01;2020MM02;6292"
"1008106;2.2.1;NL01;2020MM03;6066"
"1008107;2.2.1;NL01;2020MM04;5854"
"1008108;2.2.1;NL01;2020MM05;6464"
"1008109;2.2.1;NL01;2020MM06;6253"
"1008110;2.2.1;NL01;2020MM07;6556"
"1008111;2.2.1;NL01;2020MM08;6094"
"1008112;2.2.1;NL01;2020MM09;6235"
"1008113;2.2.1;NL01;2020MM10;6403"
"1008114;2.2.1;NL01;2020MM11;6727"
"1008115;2.2.1;NL01;2020MM12;6287"
"1008117;2.2.1;NL01;2021MM01;8156"
"1008118;2.2.1;NL01;2021MM02;4698"
"1008119;2.2.1;NL01;2021MM03;5875"
"1008120;2.2.1;NL01;2021MM04;5602"
"1008121;2.2.1;NL01;2021MM05;6022"
"1008122;2.2.1;NL01;2021MM06;5852"
"1008123;2.2.1;NL01;2021MM07;5915"
"1008124;2.2.1;NL01;2021MM08;5647"
"1056084;2.4.1;NL01;2018MM07;22"
"1056085;2.4.1;NL01;2018MM08;16"
"1056086;2.4.1;NL01;2018MM09;19"
"1056087;2.4.1;NL01;2018MM10;23"
"1056088;2.4.1;NL01;2018MM11;18"
"1056089;2.4.1;NL01;2018MM12;13"
"1056091;2.4.1;NL01;2019MM01;22"
"1056092;2.4.1;NL01;2019MM02;19"
"1056093;2.4.1;NL01;2019MM03;15"
"1056094;2.4.1;NL01;2019MM04;20"
"1056095;2.4.1;NL01;2019MM05;16"
"1056096;2.4.1;NL01;2019MM06;25"
"1056097;2.4.1;NL01;2019MM07;17"
"1056098;2.4.1;NL01;2019MM08;24"
"1056099;2.4.1;NL01;2019MM09;20"
"1056100;2.4.1;NL01;2019MM10;15"
"1056101;2.4.1;NL01;2019MM11;17"
"1056102;2.4.1;NL01;2019MM12;20"
"1056104;2.4.1;NL01;2020MM01;21"
"1056105;2.4.1;NL01;2020MM02;12"
"1056106;2.4.1;NL01;2020MM03;13"
"1056107;2.4.1;NL01;2020MM04;19"
"1056108;2.4.1;NL01;2020MM05;24"
"1056109;2.4.1;NL01;2020MM06;20"
"1056110;2.4.1;NL01;2020MM07;31"
"1056111;2.4.1;NL01;2020MM08;28"
"1056112;2.4.1;NL01;2020MM09;16"
"1056113;2.4.1;NL01;2020MM10;20"
"1056114;2.4.1;NL01;2020MM11;28"
"1056115;2.4.1;NL01;2020MM12;23"
"1056117;2.4.1;NL01;2021MM01;20"
"1056118;2.4.1;NL01;2021MM02;23"
"1056119;2.4.1;NL01;2021MM03;24"
"1056120;2.4.1;NL01;2021MM04;23"
"1056121;2.4.1;NL01;2021MM05;19"
"1056122;2.4.1;NL01;2021MM06;17"
"1056123;2.4.1;NL01;2021MM07;13"
"1056124;2.4.1;NL01;2021MM08;12"
"1104084;2.4.2;NL01;2018MM07;177"
"1104085;2.4.2;NL01;2018MM08;187"
"1104086;2.4.2;NL01;2018MM09;202"
"1104087;2.4.2;NL01;2018MM10;238"
"1104088;2.4.2;NL01;2018MM11;191"
"1104089;2.4.2;NL01;2018MM12;215"
"1104091;2.4.2;NL01;2019MM01;238"
"1104092;2.4.2;NL01;2019MM02;202"
"1104093;2.4.2;NL01;2019MM03;228"
"1104094;2.4.2;NL01;2019MM04;225"
"1104095;2.4.2;NL01;2019MM05;205"
"1104096;2.4.2;NL01;2019MM06;185"
"1104097;2.4.2;NL01;2019MM07;241"
"1104098;2.4.2;NL01;2019MM08;245"
"1104099;2.4.2;NL01;2019MM09;218"
"1104100;2.4.2;NL01;2019MM10;219"
"1104101;2.4.2;NL01;2019MM11;241"
"1104102;2.4.2;NL01;2019MM12;228"
"1104104;2.4.2;NL01;2020MM01;252"
"1104105;2.4.2;NL01;2020MM02;287"
"1104106;2.4.2;NL01;2020MM03;197"
"1104107;2.4.2;NL01;2020MM04;190"
"1104108;2.4.2;NL01;2020MM05;227"
"1104109;2.4.2;NL01;2020MM06;218"
"1104110;2.4.2;NL01;2020MM07;216"
"1104111;2.4.2;NL01;2020MM08;231"
"1104112;2.4.2;NL01;2020MM09;209"
"1104113;2.4.2;NL01;2020MM10;190"
"1104114;2.4.2;NL01;2020MM11;209"
"1104115;2.4.2;NL01;2020MM12;206"
"1104117;2.4.2;NL01;2021MM01;218"
"1104118;2.4.2;NL01;2021MM02;171"
"1104119;2.4.2;NL01;2021MM03;222"
"1104120;2.4.2;NL01;2021MM04;224"
"1104121;2.4.2;NL01;2021MM05;179"
"1104122;2.4.2;NL01;2021MM06;238"
"1104123;2.4.2;NL01;2021MM07;188"
"1104124;2.4.2;NL01;2021MM08;194"
"1152084;2.5.1;NL01;2018MM07;1516"
"1152085;2.5.1;NL01;2018MM08;1409"
"1152086;2.5.1;NL01;2018MM09;1591"
"1152087;2.5.1;NL01;2018MM10;1735"
"1152088;2.5.1;NL01;2018MM11;1941"
"1152089;2.5.1;NL01;2018MM12;1673"
"1152091;2.5.1;NL01;2019MM01;1658"
"1152092;2.5.1;NL01;2019MM02;1717"
"1152093;2.5.1;NL01;2019MM03;1840"
"1152094;2.5.1;NL01;2019MM04;1653"
"1152095;2.5.1;NL01;2019MM05;1531"
"1152096;2.5.1;NL01;2019MM06;1407"
"1152097;2.5.1;NL01;2019MM07;1508"
"1152098;2.5.1;NL01;2019MM08;1544"
"1152099;2.5.1;NL01;2019MM09;1502"
"1152100;2.5.1;NL01;2019MM10;1664"
"1152101;2.5.1;NL01;2019MM11;1742"
"1152102;2.5.1;NL01;2019MM12;1706"
"1152104;2.5.1;NL01;2020MM01;1760"
"1152105;2.5.1;NL01;2020MM02;1679"
"1152106;2.5.1;NL01;2020MM03;1653"
"1152107;2.5.1;NL01;2020MM04;1149"
"1152108;2.5.1;NL01;2020MM05;1056"
"1152109;2.5.1;NL01;2020MM06;1165"
"1152110;2.5.1;NL01;2020MM07;1443"
"1152111;2.5.1;NL01;2020MM08;1412"
"1152112;2.5.1;NL01;2020MM09;1460"
"1152113;2.5.1;NL01;2020MM10;1468"
"1152114;2.5.1;NL01;2020MM11;1376"
"1152115;2.5.1;NL01;2020MM12;1080"
"1152117;2.5.1;NL01;2021MM01;876"
"1152118;2.5.1;NL01;2021MM02;635"
"1152119;2.5.1;NL01;2021MM03;806"
"1152120;2.5.1;NL01;2021MM04;735"
"1152121;2.5.1;NL01;2021MM05;848"
"1152122;2.5.1;NL01;2021MM06;939"
"1152123;2.5.1;NL01;2021MM07;976"
"1152124;2.5.1;NL01;2021MM08;1009"
"1200084;2.5.2;NL01;2018MM07;2827"
"1200085;2.5.2;NL01;2018MM08;2938"
"1200086;2.5.2;NL01;2018MM09;3022"
"1200087;2.5.2;NL01;2018MM10;3466"
"1200088;2.5.2;NL01;2018MM11;3412"
"1200089;2.5.2;NL01;2018MM12;3015"
"1200091;2.5.2;NL01;2019MM01;3250"
"1200092;2.5.2;NL01;2019MM02;3259"
"1200093;2.5.2;NL01;2019MM03;3681"
"1200094;2.5.2;NL01;2019MM04;3331"
"1200095;2.5.2;NL01;2019MM05;3348"
"1200096;2.5.2;NL01;2019MM06;2687"
"1200097;2.5.2;NL01;2019MM07;2977"
"1200098;2.5.2;NL01;2019MM08;3113"
"1200099;2.5.2;NL01;2019MM09;3315"
"1200100;2.5.2;NL01;2019MM10;3496"
"1200101;2.5.2;NL01;2019MM11;3533"
"1200102;2.5.2;NL01;2019MM12;3238"
"1200104;2.5.2;NL01;2020MM01;3107"
"1200105;2.5.2;NL01;2020MM02;3233"
"1200106;2.5.2;NL01;2020MM03;2659"
"1200107;2.5.2;NL01;2020MM04;2158"
"1200108;2.5.2;NL01;2020MM05;2844"
"1200109;2.5.2;NL01;2020MM06;2911"
"1200110;2.5.2;NL01;2020MM07;2986"
"1200111;2.5.2;NL01;2020MM08;2770"
"1200112;2.5.2;NL01;2020MM09;3111"
"1200113;2.5.2;NL01;2020MM10;2988"
"1200114;2.5.2;NL01;2020MM11;3204"
"1200115;2.5.2;NL01;2020MM12;2393"
"1200117;2.5.2;NL01;2021MM01;1912"
"1200118;2.5.2;NL01;2021MM02;1983"
"1200119;2.5.2;NL01;2021MM03;2508"
"1200120;2.5.2;NL01;2021MM04;2214"
"1200121;2.5.2;NL01;2021MM05;2567"
"1200122;2.5.2;NL01;2021MM06;2452"
"1200123;2.5.2;NL01;2021MM07;2797"
"1200124;2.5.2;NL01;2021MM08;2562"
"1248084;2.6.1;NL01;2018MM07;9"
"1248085;2.6.1;NL01;2018MM08;2"
"1248086;2.6.1;NL01;2018MM09;5"
"1248087;2.6.1;NL01;2018MM10;7"
"1248088;2.6.1;NL01;2018MM11;11"
"1248089;2.6.1;NL01;2018MM12;4"
"1248091;2.6.1;NL01;2019MM01;10"
"1248092;2.6.1;NL01;2019MM02;3"
"1248093;2.6.1;NL01;2019MM03;11"
"1248094;2.6.1;NL01;2019MM04;6"
"1248095;2.6.1;NL01;2019MM05;9"
"1248096;2.6.1;NL01;2019MM06;6"
"1248097;2.6.1;NL01;2019MM07;10"
"1248098;2.6.1;NL01;2019MM08;7"
"1248099;2.6.1;NL01;2019MM09;12"
"1248100;2.6.1;NL01;2019MM10;5"
"1248101;2.6.1;NL01;2019MM11;6"
"1248102;2.6.1;NL01;2019MM12;9"
"1248104;2.6.1;NL01;2020MM01;7"
"1248105;2.6.1;NL01;2020MM02;10"
"1248106;2.6.1;NL01;2020MM03;7"
"1248107;2.6.1;NL01;2020MM04;5"
"1248108;2.6.1;NL01;2020MM05;"
"1248109;2.6.1;NL01;2020MM06;3"
"1248110;2.6.1;NL01;2020MM07;5"
"1248111;2.6.1;NL01;2020MM08;2"
"1248112;2.6.1;NL01;2020MM09;5"
"1248113;2.6.1;NL01;2020MM10;3"
"1248114;2.6.1;NL01;2020MM11;3"
"1248115;2.6.1;NL01;2020MM12;5"
"1248117;2.6.1;NL01;2021MM01;1"
"1248118;2.6.1;NL01;2021MM02;5"
"1248119;2.6.1;NL01;2021MM03;7"
"1248120;2.6.1;NL01;2021MM04;4"
"1248121;2.6.1;NL01;2021MM05;4"
"1248122;2.6.1;NL01;2021MM06;1"
"1248123;2.6.1;NL01;2021MM07;1"
"1248124;2.6.1;NL01;2021MM08;1"
"1296084;2.6.2;NL01;2018MM07;23"
"1296085;2.6.2;NL01;2018MM08;26"
"1296086;2.6.2;NL01;2018MM09;10"
"1296087;2.6.2;NL01;2018MM10;21"
"1296088;2.6.2;NL01;2018MM11;22"
"1296089;2.6.2;NL01;2018MM12;15"
"1296091;2.6.2;NL01;2019MM01;12"
"1296092;2.6.2;NL01;2019MM02;16"
"1296093;2.6.2;NL01;2019MM03;27"
"1296094;2.6.2;NL01;2019MM04;24"
"1296095;2.6.2;NL01;2019MM05;23"
"1296096;2.6.2;NL01;2019MM06;21"
"1296097;2.6.2;NL01;2019MM07;18"
"1296098;2.6.2;NL01;2019MM08;13"
"1296099;2.6.2;NL01;2019MM09;8"
"1296100;2.6.2;NL01;2019MM10;22"
"1296101;2.6.2;NL01;2019MM11;22"
"1296102;2.6.2;NL01;2019MM12;13"
"1296104;2.6.2;NL01;2020MM01;8"
"1296105;2.6.2;NL01;2020MM02;11"
"1296106;2.6.2;NL01;2020MM03;19"
"1296107;2.6.2;NL01;2020MM04;20"
"1296108;2.6.2;NL01;2020MM05;23"
"1296109;2.6.2;NL01;2020MM06;13"
"1296110;2.6.2;NL01;2020MM07;9"
"1296111;2.6.2;NL01;2020MM08;11"
"1296112;2.6.2;NL01;2020MM09;7"
"1296113;2.6.2;NL01;2020MM10;9"
"1296114;2.6.2;NL01;2020MM11;21"
"1296115;2.6.2;NL01;2020MM12;16"
"1296117;2.6.2;NL01;2021MM01;7"
"1296118;2.6.2;NL01;2021MM02;9"
"1296119;2.6.2;NL01;2021MM03;14"
"1296120;2.6.2;NL01;2021MM04;11"
"1296121;2.6.2;NL01;2021MM05;10"
"1296122;2.6.2;NL01;2021MM06;7"
"1296123;2.6.2;NL01;2021MM07;7"
"1296124;2.6.2;NL01;2021MM08;11"
"1344084;2.6.3;NL01;2018MM07;1"
"1344085;2.6.3;NL01;2018MM08;1"
"1344086;2.6.3;NL01;2018MM09;1"
"1344087;2.6.3;NL01;2018MM10;3"
"1344088;2.6.3;NL01;2018MM11;2"
"1344089;2.6.3;NL01;2018MM12;2"
"1344091;2.6.3;NL01;2019MM01;1"
"1344092;2.6.3;NL01;2019MM02;4"
"1344093;2.6.3;NL01;2019MM03;6"
"1344094;2.6.3;NL01;2019MM04;4"
"1344095;2.6.3;NL01;2019MM05;3"
"1344096;2.6.3;NL01;2019MM06;"
"1344097;2.6.3;NL01;2019MM07;1"
"1344098;2.6.3;NL01;2019MM08;3"
"1344099;2.6.3;NL01;2019MM09;2"
"1344100;2.6.3;NL01;2019MM10;1"
"1344101;2.6.3;NL01;2019MM11;3"
"1344102;2.6.3;NL01;2019MM12;4"
"1344104;2.6.3;NL01;2020MM01;2"
"1344105;2.6.3;NL01;2020MM02;1"
"1344106;2.6.3;NL01;2020MM03;4"
"1344107;2.6.3;NL01;2020MM04;2"
"1344108;2.6.3;NL01;2020MM05;2"
"1344109;2.6.3;NL01;2020MM06;1"
"1344110;2.6.3;NL01;2020MM07;1"
"1344111;2.6.3;NL01;2020MM08;2"
"1344112;2.6.3;NL01;2020MM09;1"
"1344113;2.6.3;NL01;2020MM10;1"
"1344114;2.6.3;NL01;2020MM11;2"
"1344115;2.6.3;NL01;2020MM12;2"
"1344117;2.6.3;NL01;2021MM01;4"
"1344118;2.6.3;NL01;2021MM02;1"
"1344119;2.6.3;NL01;2021MM03;4"
"1344120;2.6.3;NL01;2021MM04;"
"1344121;2.6.3;NL01;2021MM05;"
"1344122;2.6.3;NL01;2021MM06;"
"1344123;2.6.3;NL01;2021MM07;4"
"1344124;2.6.3;NL01;2021MM08;"
"1392084;2.6.4;NL01;2018MM07;12"
"1392085;2.6.4;NL01;2018MM08;20"
"1392086;2.6.4;NL01;2018MM09;15"
"1392087;2.6.4;NL01;2018MM10;21"
"1392088;2.6.4;NL01;2018MM11;18"
"1392089;2.6.4;NL01;2018MM12;11"
"1392091;2.6.4;NL01;2019MM01;27"
"1392092;2.6.4;NL01;2019MM02;16"
"1392093;2.6.4;NL01;2019MM03;15"
"1392094;2.6.4;NL01;2019MM04;26"
"1392095;2.6.4;NL01;2019MM05;20"
"1392096;2.6.4;NL01;2019MM06;14"
"1392097;2.6.4;NL01;2019MM07;10"
"1392098;2.6.4;NL01;2019MM08;12"
"1392099;2.6.4;NL01;2019MM09;15"
"1392100;2.6.4;NL01;2019MM10;12"
"1392101;2.6.4;NL01;2019MM11;13"
"1392102;2.6.4;NL01;2019MM12;6"
"1392104;2.6.4;NL01;2020MM01;14"
"1392105;2.6.4;NL01;2020MM02;15"
"1392106;2.6.4;NL01;2020MM03;9"
"1392107;2.6.4;NL01;2020MM04;19"
"1392108;2.6.4;NL01;2020MM05;11"
"1392109;2.6.4;NL01;2020MM06;12"
"1392110;2.6.4;NL01;2020MM07;9"
"1392111;2.6.4;NL01;2020MM08;5"
"1392112;2.6.4;NL01;2020MM09;8"
"1392113;2.6.4;NL01;2020MM10;5"
"1392114;2.6.4;NL01;2020MM11;5"
"1392115;2.6.4;NL01;2020MM12;12"
"1392117;2.6.4;NL01;2021MM01;10"
"1392118;2.6.4;NL01;2021MM02;16"
"1392119;2.6.4;NL01;2021MM03;27"
"1392120;2.6.4;NL01;2021MM04;13"
"1392121;2.6.4;NL01;2021MM05;3"
"1392122;2.6.4;NL01;2021MM06;6"
"1392123;2.6.4;NL01;2021MM07;2"
"1392124;2.6.4;NL01;2021MM08;2"
"1440084;2.6.5;NL01;2018MM07;"
"1440085;2.6.5;NL01;2018MM08;"
"1440086;2.6.5;NL01;2018MM09;1"
"1440087;2.6.5;NL01;2018MM10;"
"1440088;2.6.5;NL01;2018MM11;"
"1440089;2.6.5;NL01;2018MM12;1"
"1440091;2.6.5;NL01;2019MM01;"
"1440092;2.6.5;NL01;2019MM02;1"
"1440093;2.6.5;NL01;2019MM03;"
"1440094;2.6.5;NL01;2019MM04;2"
"1440095;2.6.5;NL01;2019MM05;"
"1440096;2.6.5;NL01;2019MM06;"
"1440097;2.6.5;NL01;2019MM07;"
"1440098;2.6.5;NL01;2019MM08;1"
"1440099;2.6.5;NL01;2019MM09;1"
"1440100;2.6.5;NL01;2019MM10;"
"1440101;2.6.5;NL01;2019MM11;1"
"1440102;2.6.5;NL01;2019MM12;"
"1440104;2.6.5;NL01;2020MM01;1"
"1440105;2.6.5;NL01;2020MM02;"
"1440106;2.6.5;NL01;2020MM03;1"
"1440107;2.6.5;NL01;2020MM04;2"
"1440108;2.6.5;NL01;2020MM05;2"
"1440109;2.6.5;NL01;2020MM06;1"
"1440110;2.6.5;NL01;2020MM07;"
"1440111;2.6.5;NL01;2020MM08;"
"1440112;2.6.5;NL01;2020MM09;"
"1440113;2.6.5;NL01;2020MM10;"
"1440114;2.6.5;NL01;2020MM11;2"
"1440115;2.6.5;NL01;2020MM12;"
"1440117;2.6.5;NL01;2021MM01;"
"1440118;2.6.5;NL01;2021MM02;"
"1440119;2.6.5;NL01;2021MM03;1"
"1440120;2.6.5;NL01;2021MM04;1"
"1440121;2.6.5;NL01;2021MM05;"
"1440122;2.6.5;NL01;2021MM06;"
"1440123;2.6.5;NL01;2021MM07;"
"1440124;2.6.5;NL01;2021MM08;"
"1488084;2.6.7;NL01;2018MM07;1"
"1488085;2.6.7;NL01;2018MM08;"
"1488086;2.6.7;NL01;2018MM09;"
"1488087;2.6.7;NL01;2018MM10;"
"1488088;2.6.7;NL01;2018MM11;"
"1488089;2.6.7;NL01;2018MM12;"
"1488091;2.6.7;NL01;2019MM01;2"
"1488092;2.6.7;NL01;2019MM02;4"
"1488093;2.6.7;NL01;2019MM03;"
"1488094;2.6.7;NL01;2019MM04;1"
"1488095;2.6.7;NL01;2019MM05;"
"1488096;2.6.7;NL01;2019MM06;1"
"1488097;2.6.7;NL01;2019MM07;1"
"1488098;2.6.7;NL01;2019MM08;"
"1488099;2.6.7;NL01;2019MM09;1"
"1488100;2.6.7;NL01;2019MM10;"
"1488101;2.6.7;NL01;2019MM11;"
"1488102;2.6.7;NL01;2019MM12;3"
"1488104;2.6.7;NL01;2020MM01;7"
"1488105;2.6.7;NL01;2020MM02;1"
"1488106;2.6.7;NL01;2020MM03;"
"1488107;2.6.7;NL01;2020MM04;2"
"1488108;2.6.7;NL01;2020MM05;"
"1488109;2.6.7;NL01;2020MM06;"
"1488110;2.6.7;NL01;2020MM07;"
"1488111;2.6.7;NL01;2020MM08;"
"1488112;2.6.7;NL01;2020MM09;"
"1488113;2.6.7;NL01;2020MM10;"
"1488114;2.6.7;NL01;2020MM11;"
"1488115;2.6.7;NL01;2020MM12;"
"1488117;2.6.7;NL01;2021MM01;"
"1488118;2.6.7;NL01;2021MM02;2"
"1488119;2.6.7;NL01;2021MM03;4"
"1488120;2.6.7;NL01;2021MM04;1"
"1488121;2.6.7;NL01;2021MM05;"
"1488122;2.6.7;NL01;2021MM06;"
"1488123;2.6.7;NL01;2021MM07;"
"1488124;2.6.7;NL01;2021MM08;"
"1536084;2.6.8;NL01;2018MM07;19"
"1536085;2.6.8;NL01;2018MM08;20"
"1536086;2.6.8;NL01;2018MM09;15"
"1536087;2.6.8;NL01;2018MM10;27"
"1536088;2.6.8;NL01;2018MM11;35"
"1536089;2.6.8;NL01;2018MM12;26"
"1536091;2.6.8;NL01;2019MM01;30"
"1536092;2.6.8;NL01;2019MM02;35"
"1536093;2.6.8;NL01;2019MM03;33"
"1536094;2.6.8;NL01;2019MM04;31"
"1536095;2.6.8;NL01;2019MM05;39"
"1536096;2.6.8;NL01;2019MM06;50"
"1536097;2.6.8;NL01;2019MM07;45"
"1536098;2.6.8;NL01;2019MM08;39"
"1536099;2.6.8;NL01;2019MM09;18"
"1536100;2.6.8;NL01;2019MM10;27"
"1536101;2.6.8;NL01;2019MM11;31"
"1536102;2.6.8;NL01;2019MM12;30"
"1536104;2.6.8;NL01;2020MM01;36"
"1536105;2.6.8;NL01;2020MM02;41"
"1536106;2.6.8;NL01;2020MM03;44"
"1536107;2.6.8;NL01;2020MM04;42"
"1536108;2.6.8;NL01;2020MM05;50"
"1536109;2.6.8;NL01;2020MM06;48"
"1536110;2.6.8;NL01;2020MM07;53"
"1536111;2.6.8;NL01;2020MM08;47"
"1536112;2.6.8;NL01;2020MM09;41"
"1536113;2.6.8;NL01;2020MM10;53"
"1536114;2.6.8;NL01;2020MM11;40"
"1536115;2.6.8;NL01;2020MM12;44"
"1536117;2.6.8;NL01;2021MM01;51"
"1536118;2.6.8;NL01;2021MM02;72"
"1536119;2.6.8;NL01;2021MM03;72"
"1536120;2.6.8;NL01;2021MM04;64"
"1536121;2.6.8;NL01;2021MM05;53"
"1536122;2.6.8;NL01;2021MM06;43"
"1536123;2.6.8;NL01;2021MM07;31"
"1536124;2.6.8;NL01;2021MM08;14"
"1584084;2.6.9;NL01;2018MM07;14"
"1584085;2.6.9;NL01;2018MM08;32"
"1584086;2.6.9;NL01;2018MM09;83"
"1584087;2.6.9;NL01;2018MM10;151"
"1584088;2.6.9;NL01;2018MM11;244"
"1584089;2.6.9;NL01;2018MM12;451"
"1584091;2.6.9;NL01;2019MM01;46"
"1584092;2.6.9;NL01;2019MM02;19"
"1584093;2.6.9;NL01;2019MM03;9"
"1584094;2.6.9;NL01;2019MM04;17"
"1584095;2.6.9;NL01;2019MM05;13"
"1584096;2.6.9;NL01;2019MM06;10"
"1584097;2.6.9;NL01;2019MM07;11"
"1584098;2.6.9;NL01;2019MM08;12"
"1584099;2.6.9;NL01;2019MM09;21"
"1584100;2.6.9;NL01;2019MM10;81"
"1584101;2.6.9;NL01;2019MM11;163"
"1584102;2.6.9;NL01;2019MM12;362"
"1584104;2.6.9;NL01;2020MM01;59"
"1584105;2.6.9;NL01;2020MM02;23"
"1584106;2.6.9;NL01;2020MM03;25"
"1584107;2.6.9;NL01;2020MM04;7"
"1584108;2.6.9;NL01;2020MM05;8"
"1584109;2.6.9;NL01;2020MM06;9"
"1584110;2.6.9;NL01;2020MM07;8"
"1584111;2.6.9;NL01;2020MM08;10"
"1584112;2.6.9;NL01;2020MM09;33"
"1584113;2.6.9;NL01;2020MM10;64"
"1584114;2.6.9;NL01;2020MM11;169"
"1584115;2.6.9;NL01;2020MM12;292"
"1584117;2.6.9;NL01;2021MM01;93"
"1584118;2.6.9;NL01;2021MM02;26"
"1584119;2.6.9;NL01;2021MM03;18"
"1584120;2.6.9;NL01;2021MM04;24"
"1584121;2.6.9;NL01;2021MM05;33"
"1584122;2.6.9;NL01;2021MM06;10"
"1584123;2.6.9;NL01;2021MM07;9"
"1584124;2.6.9;NL01;2021MM08;6"
"1632084;2.6.10;NL01;2018MM07;"
"1632085;2.6.10;NL01;2018MM08;"
"1632086;2.6.10;NL01;2018MM09;"
"1632087;2.6.10;NL01;2018MM10;1"
"1632088;2.6.10;NL01;2018MM11;"
"1632089;2.6.10;NL01;2018MM12;"
"1632091;2.6.10;NL01;2019MM01;"
"1632092;2.6.10;NL01;2019MM02;1"
"1632093;2.6.10;NL01;2019MM03;1"
"1632094;2.6.10;NL01;2019MM04;"
"1632095;2.6.10;NL01;2019MM05;"
"1632096;2.6.10;NL01;2019MM06;"
"1632097;2.6.10;NL01;2019MM07;1"
"1632098;2.6.10;NL01;2019MM08;"
"1632099;2.6.10;NL01;2019MM09;"
"1632100;2.6.10;NL01;2019MM10;"
"1632101;2.6.10;NL01;2019MM11;"
"1632102;2.6.10;NL01;2019MM12;"
"1632104;2.6.10;NL01;2020MM01;"
"1632105;2.6.10;NL01;2020MM02;"
"1632106;2.6.10;NL01;2020MM03;"
"1632107;2.6.10;NL01;2020MM04;1"
"1632108;2.6.10;NL01;2020MM05;"
"1632109;2.6.10;NL01;2020MM06;"
"1632110;2.6.10;NL01;2020MM07;1"
"1632111;2.6.10;NL01;2020MM08;1"
"1632112;2.6.10;NL01;2020MM09;"
"1632113;2.6.10;NL01;2020MM10;"
"1632114;2.6.10;NL01;2020MM11;"
"1632115;2.6.10;NL01;2020MM12;"
"1632117;2.6.10;NL01;2021MM01;"
"1632118;2.6.10;NL01;2021MM02;"
"1632119;2.6.10;NL01;2021MM03;"
"1632120;2.6.10;NL01;2021MM04;"
"1632121;2.6.10;NL01;2021MM05;1"
"1632122;2.6.10;NL01;2021MM06;"
"1632123;2.6.10;NL01;2021MM07;"
"1632124;2.6.10;NL01;2021MM08;"
"1680084;2.6.11;NL01;2018MM07;"
"1680085;2.6.11;NL01;2018MM08;"
"1680086;2.6.11;NL01;2018MM09;"
"1680087;2.6.11;NL01;2018MM10;"
"1680088;2.6.11;NL01;2018MM11;"
"1680089;2.6.11;NL01;2018MM12;"
"1680091;2.6.11;NL01;2019MM01;"
"1680092;2.6.11;NL01;2019MM02;"
"1680093;2.6.11;NL01;2019MM03;"
"1680094;2.6.11;NL01;2019MM04;"
"1680095;2.6.11;NL01;2019MM05;"
"1680096;2.6.11;NL01;2019MM06;"
"1680097;2.6.11;NL01;2019MM07;"
"1680098;2.6.11;NL01;2019MM08;"
"1680099;2.6.11;NL01;2019MM09;"
"1680100;2.6.11;NL01;2019MM10;"
"1680101;2.6.11;NL01;2019MM11;"
"1680102;2.6.11;NL01;2019MM12;"
"1680104;2.6.11;NL01;2020MM01;"
"1680105;2.6.11;NL01;2020MM02;"
"1680106;2.6.11;NL01;2020MM03;"
"1680107;2.6.11;NL01;2020MM04;"
"1680108;2.6.11;NL01;2020MM05;1"
"1680109;2.6.11;NL01;2020MM06;"
"1680110;2.6.11;NL01;2020MM07;"
"1680111;2.6.11;NL01;2020MM08;"
"1680112;2.6.11;NL01;2020MM09;"
"1680113;2.6.11;NL01;2020MM10;"
"1680114;2.6.11;NL01;2020MM11;"
"1680115;2.6.11;NL01;2020MM12;1"
"1680117;2.6.11;NL01;2021MM01;"
"1680118;2.6.11;NL01;2021MM02;"
"1680119;2.6.11;NL01;2021MM03;"
"1680120;2.6.11;NL01;2021MM04;1"
"1680121;2.6.11;NL01;2021MM05;"
"1680122;2.6.11;NL01;2021MM06;"
"1680123;2.6.11;NL01;2021MM07;"
"1680124;2.6.11;NL01;2021MM08;"
"1728084;2.6.12;NL01;2018MM07;"
"1728085;2.6.12;NL01;2018MM08;"
"1728086;2.6.12;NL01;2018MM09;"
"1728087;2.6.12;NL01;2018MM10;"
"1728088;2.6.12;NL01;2018MM11;1"
"1728089;2.6.12;NL01;2018MM12;"
"1728091;2.6.12;NL01;2019MM01;"
"1728092;2.6.12;NL01;2019MM02;2"
"1728093;2.6.12;NL01;2019MM03;2"
"1728094;2.6.12;NL01;2019MM04;"
"1728095;2.6.12;NL01;2019MM05;"
"1728096;2.6.12;NL01;2019MM06;"
"1728097;2.6.12;NL01;2019MM07;"
"1728098;2.6.12;NL01;2019MM08;1"
"1728099;2.6.12;NL01;2019MM09;"
"1728100;2.6.12;NL01;2019MM10;"
"1728101;2.6.12;NL01;2019MM11;"
"1728102;2.6.12;NL01;2019MM12;1"
"1728104;2.6.12;NL01;2020MM01;1"
"1728105;2.6.12;NL01;2020MM02;1"
"1728106;2.6.12;NL01;2020MM03;"
"1728107;2.6.12;NL01;2020MM04;1"
"1728108;2.6.12;NL01;2020MM05;"
"1728109;2.6.12;NL01;2020MM06;"
"1728110;2.6.12;NL01;2020MM07;1"
"1728111;2.6.12;NL01;2020MM08;"
"1728112;2.6.12;NL01;2020MM09;"
"1728113;2.6.12;NL01;2020MM10;1"
"1728114;2.6.12;NL01;2020MM11;"
"1728115;2.6.12;NL01;2020MM12;1"
"1728117;2.6.12;NL01;2021MM01;"
"1728118;2.6.12;NL01;2021MM02;"
"1728119;2.6.12;NL01;2021MM03;"
"1728120;2.6.12;NL01;2021MM04;"
"1728121;2.6.12;NL01;2021MM05;1"
"1728122;2.6.12;NL01;2021MM06;"
"1728123;2.6.12;NL01;2021MM07;"
"1728124;2.6.12;NL01;2021MM08;"
"1776084;2.6.13;NL01;2018MM07;93"
"1776085;2.6.13;NL01;2018MM08;59"
"1776086;2.6.13;NL01;2018MM09;48"
"1776087;2.6.13;NL01;2018MM10;46"
"1776088;2.6.13;NL01;2018MM11;34"
"1776089;2.6.13;NL01;2018MM12;39"
"1776091;2.6.13;NL01;2019MM01;49"
"1776092;2.6.13;NL01;2019MM02;31"
"1776093;2.6.13;NL01;2019MM03;63"
"1776094;2.6.13;NL01;2019MM04;54"
"1776095;2.6.13;NL01;2019MM05;42"
"1776096;2.6.13;NL01;2019MM06;61"
"1776097;2.6.13;NL01;2019MM07;70"
"1776098;2.6.13;NL01;2019MM08;50"
"1776099;2.6.13;NL01;2019MM09;41"
"1776100;2.6.13;NL01;2019MM10;49"
"1776101;2.6.13;NL01;2019MM11;38"
"1776102;2.6.13;NL01;2019MM12;24"
"1776104;2.6.13;NL01;2020MM01;44"
"1776105;2.6.13;NL01;2020MM02;43"
"1776106;2.6.13;NL01;2020MM03;33"
"1776107;2.6.13;NL01;2020MM04;37"
"1776108;2.6.13;NL01;2020MM05;49"
"1776109;2.6.13;NL01;2020MM06;53"
"1776110;2.6.13;NL01;2020MM07;45"
"1776111;2.6.13;NL01;2020MM08;57"
"1776112;2.6.13;NL01;2020MM09;26"
"1776113;2.6.13;NL01;2020MM10;38"
"1776114;2.6.13;NL01;2020MM11;42"
"1776115;2.6.13;NL01;2020MM12;22"
"1776117;2.6.13;NL01;2021MM01;36"
"1776118;2.6.13;NL01;2021MM02;38"
"1776119;2.6.13;NL01;2021MM03;36"
"1776120;2.6.13;NL01;2021MM04;47"
"1776121;2.6.13;NL01;2021MM05;36"
"1776122;2.6.13;NL01;2021MM06;28"
"1776123;2.6.13;NL01;2021MM07;28"
"1776124;2.6.13;NL01;2021MM08;12"
"1824084;2.6.14;NL01;2018MM07;"
"1824085;2.6.14;NL01;2018MM08;"
"1824086;2.6.14;NL01;2018MM09;"
"1824087;2.6.14;NL01;2018MM10;"
"1824088;2.6.14;NL01;2018MM11;"
"1824089;2.6.14;NL01;2018MM12;"
"1824091;2.6.14;NL01;2019MM01;"
"1824092;2.6.14;NL01;2019MM02;"
"1824093;2.6.14;NL01;2019MM03;"
"1824094;2.6.14;NL01;2019MM04;"
"1824095;2.6.14;NL01;2019MM05;"
"1824096;2.6.14;NL01;2019MM06;"
"1824097;2.6.14;NL01;2019MM07;"
"1824098;2.6.14;NL01;2019MM08;"
"1824099;2.6.14;NL01;2019MM09;"
"1824100;2.6.14;NL01;2019MM10;"
"1824101;2.6.14;NL01;2019MM11;"
"1824102;2.6.14;NL01;2019MM12;"
"1824104;2.6.14;NL01;2020MM01;"
"1824105;2.6.14;NL01;2020MM02;"
"1824106;2.6.14;NL01;2020MM03;"
"1824107;2.6.14;NL01;2020MM04;"
"1824108;2.6.14;NL01;2020MM05;"
"1824109;2.6.14;NL01;2020MM06;"
"1824110;2.6.14;NL01;2020MM07;"
"1824111;2.6.14;NL01;2020MM08;"
"1824112;2.6.14;NL01;2020MM09;"
"1824113;2.6.14;NL01;2020MM10;"
"1824114;2.6.14;NL01;2020MM11;"
"1824115;2.6.14;NL01;2020MM12;"
"1824117;2.6.14;NL01;2021MM01;"
"1824118;2.6.14;NL01;2021MM02;"
"1824119;2.6.14;NL01;2021MM03;"
"1824120;2.6.14;NL01;2021MM04;"
"1824121;2.6.14;NL01;2021MM05;"
"1824122;2.6.14;NL01;2021MM06;"
"1824123;2.6.14;NL01;2021MM07;"
"1824124;2.6.14;NL01;2021MM08;"
"1872084;2.7.2;NL01;2018MM07;178"
"1872085;2.7.2;NL01;2018MM08;134"
"1872086;2.7.2;NL01;2018MM09;127"
"1872087;2.7.2;NL01;2018MM10;160"
"1872088;2.7.2;NL01;2018MM11;182"
"1872089;2.7.2;NL01;2018MM12;149"
"1872091;2.7.2;NL01;2019MM01;144"
"1872092;2.7.2;NL01;2019MM02;181"
"1872093;2.7.2;NL01;2019MM03;178"
"1872094;2.7.2;NL01;2019MM04;193"
"1872095;2.7.2;NL01;2019MM05;168"
"1872096;2.7.2;NL01;2019MM06;161"
"1872097;2.7.2;NL01;2019MM07;170"
"1872098;2.7.2;NL01;2019MM08;177"
"1872099;2.7.2;NL01;2019MM09;171"
"1872100;2.7.2;NL01;2019MM10;193"
"1872101;2.7.2;NL01;2019MM11;204"
"1872102;2.7.2;NL01;2019MM12;174"
"1872104;2.7.2;NL01;2020MM01;205"
"1872105;2.7.2;NL01;2020MM02;191"
"1872106;2.7.2;NL01;2020MM03;223"
"1872107;2.7.2;NL01;2020MM04;195"
"1872108;2.7.2;NL01;2020MM05;236"
"1872109;2.7.2;NL01;2020MM06;225"
"1872110;2.7.2;NL01;2020MM07;206"
"1872111;2.7.2;NL01;2020MM08;184"
"1872112;2.7.2;NL01;2020MM09;182"
"1872113;2.7.2;NL01;2020MM10;246"
"1872114;2.7.2;NL01;2020MM11;231"
"1872115;2.7.2;NL01;2020MM12;222"
"1872117;2.7.2;NL01;2021MM01;203"
"1872118;2.7.2;NL01;2021MM02;413"
"1872119;2.7.2;NL01;2021MM03;335"
"1872120;2.7.2;NL01;2021MM04;273"
"1872121;2.7.2;NL01;2021MM05;321"
"1872122;2.7.2;NL01;2021MM06;264"
"1872123;2.7.2;NL01;2021MM07;213"
"1872124;2.7.2;NL01;2021MM08;165"
"1920084;2.7.3;NL01;2018MM07;23"
"1920085;2.7.3;NL01;2018MM08;29"
"1920086;2.7.3;NL01;2018MM09;32"
"1920087;2.7.3;NL01;2018MM10;29"
"1920088;2.7.3;NL01;2018MM11;33"
"1920089;2.7.3;NL01;2018MM12;34"
"1920091;2.7.3;NL01;2019MM01;24"
"1920092;2.7.3;NL01;2019MM02;27"
"1920093;2.7.3;NL01;2019MM03;19"
"1920094;2.7.3;NL01;2019MM04;33"
"1920095;2.7.3;NL01;2019MM05;35"
"1920096;2.7.3;NL01;2019MM06;33"
"1920097;2.7.3;NL01;2019MM07;37"
"1920098;2.7.3;NL01;2019MM08;38"
"1920099;2.7.3;NL01;2019MM09;65"
"1920100;2.7.3;NL01;2019MM10;60"
"1920101;2.7.3;NL01;2019MM11;58"
"1920102;2.7.3;NL01;2019MM12;60"
"1920104;2.7.3;NL01;2020MM01;57"
"1920105;2.7.3;NL01;2020MM02;59"
"1920106;2.7.3;NL01;2020MM03;43"
"1920107;2.7.3;NL01;2020MM04;51"
"1920108;2.7.3;NL01;2020MM05;48"
"1920109;2.7.3;NL01;2020MM06;49"
"1920110;2.7.3;NL01;2020MM07;57"
"1920111;2.7.3;NL01;2020MM08;55"
"1920112;2.7.3;NL01;2020MM09;56"
"1920113;2.7.3;NL01;2020MM10;43"
"1920114;2.7.3;NL01;2020MM11;43"
"1920115;2.7.3;NL01;2020MM12;44"
"1920117;2.7.3;NL01;2021MM01;60"
"1920118;2.7.3;NL01;2021MM02;54"
"1920119;2.7.3;NL01;2021MM03;57"
"1920120;2.7.3;NL01;2021MM04;47"
"1920121;2.7.3;NL01;2021MM05;56"
"1920122;2.7.3;NL01;2021MM06;78"
"1920123;2.7.3;NL01;2021MM07;61"
"1920124;2.7.3;NL01;2021MM08;53"
"1968084;3.1.1;NL01;2018MM07;1120"
"1968085;3.1.1;NL01;2018MM08;995"
"1968086;3.1.1;NL01;2018MM09;1039"
"1968087;3.1.1;NL01;2018MM10;1307"
"1968088;3.1.1;NL01;2018MM11;1161"
"1968089;3.1.1;NL01;2018MM12;1011"
"1968091;3.1.1;NL01;2019MM01;1105"
"1968092;3.1.1;NL01;2019MM02;1150"
"1968093;3.1.1;NL01;2019MM03;1192"
"1968094;3.1.1;NL01;2019MM04;1149"
"1968095;3.1.1;NL01;2019MM05;1238"
"1968096;3.1.1;NL01;2019MM06;1174"
"1968097;3.1.1;NL01;2019MM07;1193"
"1968098;3.1.1;NL01;2019MM08;1155"
"1968099;3.1.1;NL01;2019MM09;1136"
"1968100;3.1.1;NL01;2019MM10;1184"
"1968101;3.1.1;NL01;2019MM11;1124"
"1968102;3.1.1;NL01;2019MM12;992"
"1968104;3.1.1;NL01;2020MM01;1161"
"1968105;3.1.1;NL01;2020MM02;1093"
"1968106;3.1.1;NL01;2020MM03;1016"
"1968107;3.1.1;NL01;2020MM04;967"
"1968108;3.1.1;NL01;2020MM05;1117"
"1968109;3.1.1;NL01;2020MM06;1080"
"1968110;3.1.1;NL01;2020MM07;992"
"1968111;3.1.1;NL01;2020MM08;907"
"1968112;3.1.1;NL01;2020MM09;1044"
"1968113;3.1.1;NL01;2020MM10;1099"
"1968114;3.1.1;NL01;2020MM11;1112"
"1968115;3.1.1;NL01;2020MM12;1050"
"1968117;3.1.1;NL01;2021MM01;1078"
"1968118;3.1.1;NL01;2021MM02;925"
"1968119;3.1.1;NL01;2021MM03;1132"
"1968120;3.1.1;NL01;2021MM04;1038"
"1968121;3.1.1;NL01;2021MM05;942"
"1968122;3.1.1;NL01;2021MM06;937"
"1968123;3.1.1;NL01;2021MM07;931"
"1968124;3.1.1;NL01;2021MM08;802"
"2016084;3.1.2;NL01;2018MM07;6"
"2016085;3.1.2;NL01;2018MM08;5"
"2016086;3.1.2;NL01;2018MM09;4"
"2016087;3.1.2;NL01;2018MM10;9"
"2016088;3.1.2;NL01;2018MM11;4"
"2016089;3.1.2;NL01;2018MM12;4"
"2016091;3.1.2;NL01;2019MM01;6"
"2016092;3.1.2;NL01;2019MM02;7"
"2016093;3.1.2;NL01;2019MM03;2"
"2016094;3.1.2;NL01;2019MM04;8"
"2016095;3.1.2;NL01;2019MM05;6"
"2016096;3.1.2;NL01;2019MM06;7"
"2016097;3.1.2;NL01;2019MM07;5"
"2016098;3.1.2;NL01;2019MM08;8"
"2016099;3.1.2;NL01;2019MM09;2"
"2016100;3.1.2;NL01;2019MM10;6"
"2016101;3.1.2;NL01;2019MM11;5"
"2016102;3.1.2;NL01;2019MM12;5"
"2016104;3.1.2;NL01;2020MM01;4"
"2016105;3.1.2;NL01;2020MM02;4"
"2016106;3.1.2;NL01;2020MM03;2"
"2016107;3.1.2;NL01;2020MM04;1"
"2016108;3.1.2;NL01;2020MM05;5"
"2016109;3.1.2;NL01;2020MM06;3"
"2016110;3.1.2;NL01;2020MM07;2"
"2016111;3.1.2;NL01;2020MM08;1"
"2016112;3.1.2;NL01;2020MM09;2"
"2016113;3.1.2;NL01;2020MM10;1"
"2016114;3.1.2;NL01;2020MM11;4"
"2016115;3.1.2;NL01;2020MM12;2"
"2016117;3.1.2;NL01;2021MM01;1"
"2016118;3.1.2;NL01;2021MM02;2"
"2016119;3.1.2;NL01;2021MM03;4"
"2016120;3.1.2;NL01;2021MM04;3"
"2016121;3.1.2;NL01;2021MM05;5"
"2016122;3.1.2;NL01;2021MM06;6"
"2016123;3.1.2;NL01;2021MM07;7"
"2016124;3.1.2;NL01;2021MM08;4"
"2064084;3.1.3;NL01;2018MM07;509"
"2064085;3.1.3;NL01;2018MM08;445"
"2064086;3.1.3;NL01;2018MM09;422"
"2064087;3.1.3;NL01;2018MM10;493"
"2064088;3.1.3;NL01;2018MM11;513"
"2064089;3.1.3;NL01;2018MM12;439"
"2064091;3.1.3;NL01;2019MM01;455"
"2064092;3.1.3;NL01;2019MM02;461"
"2064093;3.1.3;NL01;2019MM03;538"
"2064094;3.1.3;NL01;2019MM04;571"
"2064095;3.1.3;NL01;2019MM05;473"
"2064096;3.1.3;NL01;2019MM06;461"
"2064097;3.1.3;NL01;2019MM07;503"
"2064098;3.1.3;NL01;2019MM08;474"
"2064099;3.1.3;NL01;2019MM09;536"
"2064100;3.1.3;NL01;2019MM10;565"
"2064101;3.1.3;NL01;2019MM11;662"
"2064102;3.1.3;NL01;2019MM12;535"
"2064104;3.1.3;NL01;2020MM01;596"
"2064105;3.1.3;NL01;2020MM02;557"
"2064106;3.1.3;NL01;2020MM03;528"
"2064107;3.1.3;NL01;2020MM04;472"
"2064108;3.1.3;NL01;2020MM05;535"
"2064109;3.1.3;NL01;2020MM06;484"
"2064110;3.1.3;NL01;2020MM07;539"
"2064111;3.1.3;NL01;2020MM08;523"
"2064112;3.1.3;NL01;2020MM09;573"
"2064113;3.1.3;NL01;2020MM10;559"
"2064114;3.1.3;NL01;2020MM11;600"
"2064115;3.1.3;NL01;2020MM12;630"
"2064117;3.1.3;NL01;2021MM01;627"
"2064118;3.1.3;NL01;2021MM02;428"
"2064119;3.1.3;NL01;2021MM03;562"
"2064120;3.1.3;NL01;2021MM04;566"
"2064121;3.1.3;NL01;2021MM05;580"
"2064122;3.1.3;NL01;2021MM06;604"
"2064123;3.1.3;NL01;2021MM07;555"
"2064124;3.1.3;NL01;2021MM08;500"
"2112084;3.2.1;NL01;2018MM07;21"
"2112085;3.2.1;NL01;2018MM08;37"
"2112086;3.2.1;NL01;2018MM09;27"
"2112087;3.2.1;NL01;2018MM10;19"
"2112088;3.2.1;NL01;2018MM11;26"
"2112089;3.2.1;NL01;2018MM12;26"
"2112091;3.2.1;NL01;2019MM01;35"
"2112092;3.2.1;NL01;2019MM02;33"
"2112093;3.2.1;NL01;2019MM03;43"
"2112094;3.2.1;NL01;2019MM04;36"
"2112095;3.2.1;NL01;2019MM05;41"
"2112096;3.2.1;NL01;2019MM06;29"
"2112097;3.2.1;NL01;2019MM07;38"
"2112098;3.2.1;NL01;2019MM08;30"
"2112099;3.2.1;NL01;2019MM09;36"
"2112100;3.2.1;NL01;2019MM10;40"
"2112101;3.2.1;NL01;2019MM11;37"
"2112102;3.2.1;NL01;2019MM12;36"
"2112104;3.2.1;NL01;2020MM01;34"
"2112105;3.2.1;NL01;2020MM02;25"
"2112106;3.2.1;NL01;2020MM03;25"
"2112107;3.2.1;NL01;2020MM04;25"
"2112108;3.2.1;NL01;2020MM05;21"
"2112109;3.2.1;NL01;2020MM06;19"
"2112110;3.2.1;NL01;2020MM07;27"
"2112111;3.2.1;NL01;2020MM08;12"
"2112112;3.2.1;NL01;2020MM09;22"
"2112113;3.2.1;NL01;2020MM10;29"
"2112114;3.2.1;NL01;2020MM11;24"
"2112115;3.2.1;NL01;2020MM12;21"
"2112117;3.2.1;NL01;2021MM01;"
"2112118;3.2.1;NL01;2021MM02;"
"2112119;3.2.1;NL01;2021MM03;"
"2112120;3.2.1;NL01;2021MM04;"
"2112121;3.2.1;NL01;2021MM05;"
"2112122;3.2.1;NL01;2021MM06;"
"2112123;3.2.1;NL01;2021MM07;"
"2112124;3.2.1;NL01;2021MM08;"
"2160084;3.2.2;NL01;2018MM07;"
"2160085;3.2.2;NL01;2018MM08;"
"2160086;3.2.2;NL01;2018MM09;1"
"2160087;3.2.2;NL01;2018MM10;1"
"2160088;3.2.2;NL01;2018MM11;"
"2160089;3.2.2;NL01;2018MM12;"
"2160091;3.2.2;NL01;2019MM01;"
"2160092;3.2.2;NL01;2019MM02;"
"2160093;3.2.2;NL01;2019MM03;"
"2160094;3.2.2;NL01;2019MM04;"
"2160095;3.2.2;NL01;2019MM05;1"
"2160096;3.2.2;NL01;2019MM06;"
"2160097;3.2.2;NL01;2019MM07;2"
"2160098;3.2.2;NL01;2019MM08;"
"2160099;3.2.2;NL01;2019MM09;"
"2160100;3.2.2;NL01;2019MM10;2"
"2160101;3.2.2;NL01;2019MM11;1"
"2160102;3.2.2;NL01;2019MM12;"
"2160104;3.2.2;NL01;2020MM01;1"
"2160105;3.2.2;NL01;2020MM02;1"
"2160106;3.2.2;NL01;2020MM03;"
"2160107;3.2.2;NL01;2020MM04;1"
"2160108;3.2.2;NL01;2020MM05;"
"2160109;3.2.2;NL01;2020MM06;"
"2160110;3.2.2;NL01;2020MM07;"
"2160111;3.2.2;NL01;2020MM08;"
"2160112;3.2.2;NL01;2020MM09;2"
"2160113;3.2.2;NL01;2020MM10;"
"2160114;3.2.2;NL01;2020MM11;"
"2160115;3.2.2;NL01;2020MM12;"
"2160117;3.2.2;NL01;2021MM01;"
"2160118;3.2.2;NL01;2021MM02;"
"2160119;3.2.2;NL01;2021MM03;"
"2160120;3.2.2;NL01;2021MM04;"
"2160121;3.2.2;NL01;2021MM05;"
"2160122;3.2.2;NL01;2021MM06;"
"2160123;3.2.2;NL01;2021MM07;"
"2160124;3.2.2;NL01;2021MM08;"
"2208084;3.3.2;NL01;2018MM07;1"
"2208085;3.3.2;NL01;2018MM08;1"
"2208086;3.3.2;NL01;2018MM09;1"
"2208087;3.3.2;NL01;2018MM10;"
"2208088;3.3.2;NL01;2018MM11;2"
"2208089;3.3.2;NL01;2018MM12;"
"2208091;3.3.2;NL01;2019MM01;1"
"2208092;3.3.2;NL01;2019MM02;1"
"2208093;3.3.2;NL01;2019MM03;"
"2208094;3.3.2;NL01;2019MM04;1"
"2208095;3.3.2;NL01;2019MM05;1"
"2208096;3.3.2;NL01;2019MM06;"
"2208097;3.3.2;NL01;2019MM07;"
"2208098;3.3.2;NL01;2019MM08;"
"2208099;3.3.2;NL01;2019MM09;"
"2208100;3.3.2;NL01;2019MM10;"
"2208101;3.3.2;NL01;2019MM11;"
"2208102;3.3.2;NL01;2019MM12;"
"2208104;3.3.2;NL01;2020MM01;"
"2208105;3.3.2;NL01;2020MM02;"
"2208106;3.3.2;NL01;2020MM03;"
"2208107;3.3.2;NL01;2020MM04;"
"2208108;3.3.2;NL01;2020MM05;"
"2208109;3.3.2;NL01;2020MM06;"
"2208110;3.3.2;NL01;2020MM07;"
"2208111;3.3.2;NL01;2020MM08;"
"2208112;3.3.2;NL01;2020MM09;"
"2208113;3.3.2;NL01;2020MM10;"
"2208114;3.3.2;NL01;2020MM11;"
"2208115;3.3.2;NL01;2020MM12;"
"2208117;3.3.2;NL01;2021MM01;"
"2208118;3.3.2;NL01;2021MM02;"
"2208119;3.3.2;NL01;2021MM03;"
"2208120;3.3.2;NL01;2021MM04;"
"2208121;3.3.2;NL01;2021MM05;"
"2208122;3.3.2;NL01;2021MM06;"
"2208123;3.3.2;NL01;2021MM07;"
"2208124;3.3.2;NL01;2021MM08;"
"2256084;3.3.5;NL01;2018MM07;"
"2256085;3.3.5;NL01;2018MM08;"
"2256086;3.3.5;NL01;2018MM09;"
"2256087;3.3.5;NL01;2018MM10;"
"2256088;3.3.5;NL01;2018MM11;"
"2256089;3.3.5;NL01;2018MM12;"
"2256091;3.3.5;NL01;2019MM01;"
"2256092;3.3.5;NL01;2019MM02;"
"2256093;3.3.5;NL01;2019MM03;"
"2256094;3.3.5;NL01;2019MM04;"
"2256095;3.3.5;NL01;2019MM05;"
"2256096;3.3.5;NL01;2019MM06;"
"2256097;3.3.5;NL01;2019MM07;"
"2256098;3.3.5;NL01;2019MM08;"
"2256099;3.3.5;NL01;2019MM09;"
"2256100;3.3.5;NL01;2019MM10;"
"2256101;3.3.5;NL01;2019MM11;"
"2256102;3.3.5;NL01;2019MM12;"
"2256104;3.3.5;NL01;2020MM01;"
"2256105;3.3.5;NL01;2020MM02;"
"2256106;3.3.5;NL01;2020MM03;"
"2256107;3.3.5;NL01;2020MM04;1"
"2256108;3.3.5;NL01;2020MM05;"
"2256109;3.3.5;NL01;2020MM06;"
"2256110;3.3.5;NL01;2020MM07;"
"2256111;3.3.5;NL01;2020MM08;"
"2256112;3.3.5;NL01;2020MM09;"
"2256113;3.3.5;NL01;2020MM10;"
"2256114;3.3.5;NL01;2020MM11;"
"2256115;3.3.5;NL01;2020MM12;"
"2256117;3.3.5;NL01;2021MM01;"
"2256118;3.3.5;NL01;2021MM02;"
"2256119;3.3.5;NL01;2021MM03;"
"2256120;3.3.5;NL01;2021MM04;"
"2256121;3.3.5;NL01;2021MM05;"
"2256122;3.3.5;NL01;2021MM06;"
"2256123;3.3.5;NL01;2021MM07;"
"2256124;3.3.5;NL01;2021MM08;"
"2304084;3.4.2;NL01;2018MM07;41"
"2304085;3.4.2;NL01;2018MM08;21"
"2304086;3.4.2;NL01;2018MM09;14"
"2304087;3.4.2;NL01;2018MM10;9"
"2304088;3.4.2;NL01;2018MM11;3"
"2304089;3.4.2;NL01;2018MM12;"
"2304091;3.4.2;NL01;2019MM01;1"
"2304092;3.4.2;NL01;2019MM02;2"
"2304093;3.4.2;NL01;2019MM03;1"
"2304094;3.4.2;NL01;2019MM04;10"
"2304095;3.4.2;NL01;2019MM05;10"
"2304096;3.4.2;NL01;2019MM06;39"
"2304097;3.4.2;NL01;2019MM07;24"
"2304098;3.4.2;NL01;2019MM08;42"
"2304099;3.4.2;NL01;2019MM09;15"
"2304100;3.4.2;NL01;2019MM10;1"
"2304101;3.4.2;NL01;2019MM11;4"
"2304102;3.4.2;NL01;2019MM12;1"
"2304104;3.4.2;NL01;2020MM01;1"
"2304105;3.4.2;NL01;2020MM02;"
"2304106;3.4.2;NL01;2020MM03;"
"2304107;3.4.2;NL01;2020MM04;6"
"2304108;3.4.2;NL01;2020MM05;12"
"2304109;3.4.2;NL01;2020MM06;19"
"2304110;3.4.2;NL01;2020MM07;8"
"2304111;3.4.2;NL01;2020MM08;40"
"2304112;3.4.2;NL01;2020MM09;14"
"2304113;3.4.2;NL01;2020MM10;1"
"2304114;3.4.2;NL01;2020MM11;2"
"2304115;3.4.2;NL01;2020MM12;2"
"2304117;3.4.2;NL01;2021MM01;1"
"2304118;3.4.2;NL01;2021MM02;4"
"2304119;3.4.2;NL01;2021MM03;7"
"2304120;3.4.2;NL01;2021MM04;8"
"2304121;3.4.2;NL01;2021MM05;12"
"2304122;3.4.2;NL01;2021MM06;30"
"2304123;3.4.2;NL01;2021MM07;31"
"2304124;3.4.2;NL01;2021MM08;19"
"2352084;3.5.2;NL01;2018MM07;2682"
"2352085;3.5.2;NL01;2018MM08;2264"
"2352086;3.5.2;NL01;2018MM09;2358"
"2352087;3.5.2;NL01;2018MM10;2409"
"2352088;3.5.2;NL01;2018MM11;2561"
"2352089;3.5.2;NL01;2018MM12;2766"
"2352091;3.5.2;NL01;2019MM01;2460"
"2352092;3.5.2;NL01;2019MM02;2640"
"2352093;3.5.2;NL01;2019MM03;3084"
"2352094;3.5.2;NL01;2019MM04;2766"
"2352095;3.5.2;NL01;2019MM05;2555"
"2352096;3.5.2;NL01;2019MM06;2881"
"2352097;3.5.2;NL01;2019MM07;2792"
"2352098;3.5.2;NL01;2019MM08;2791"
"2352099;3.5.2;NL01;2019MM09;2598"
"2352100;3.5.2;NL01;2019MM10;2571"
"2352101;3.5.2;NL01;2019MM11;2738"
"2352102;3.5.2;NL01;2019MM12;2673"
"2352104;3.5.2;NL01;2020MM01;2732"
"2352105;3.5.2;NL01;2020MM02;2696"
"2352106;3.5.2;NL01;2020MM03;2134"
"2352107;3.5.2;NL01;2020MM04;1690"
"2352108;3.5.2;NL01;2020MM05;2217"
"2352109;3.5.2;NL01;2020MM06;2621"
"2352110;3.5.2;NL01;2020MM07;2877"
"2352111;3.5.2;NL01;2020MM08;2851"
"2352112;3.5.2;NL01;2020MM09;2597"
"2352113;3.5.2;NL01;2020MM10;2417"
"2352114;3.5.2;NL01;2020MM11;2215"
"2352115;3.5.2;NL01;2020MM12;2227"
"2352117;3.5.2;NL01;2021MM01;2085"
"2352118;3.5.2;NL01;2021MM02;1746"
"2352119;3.5.2;NL01;2021MM03;2207"
"2352120;3.5.2;NL01;2021MM04;2329"
"2352121;3.5.2;NL01;2021MM05;2711"
"2352122;3.5.2;NL01;2021MM06;2889"
"2352123;3.5.2;NL01;2021MM07;2939"
"2352124;3.5.2;NL01;2021MM08;3068"
"2400084;3.5.5;NL01;2018MM07;530"
"2400085;3.5.5;NL01;2018MM08;427"
"2400086;3.5.5;NL01;2018MM09;448"
"2400087;3.5.5;NL01;2018MM10;548"
"2400088;3.5.5;NL01;2018MM11;512"
"2400089;3.5.5;NL01;2018MM12;460"
"2400091;3.5.5;NL01;2019MM01;538"
"2400092;3.5.5;NL01;2019MM02;556"
"2400093;3.5.5;NL01;2019MM03;596"
"2400094;3.5.5;NL01;2019MM04;541"
"2400095;3.5.5;NL01;2019MM05;584"
"2400096;3.5.5;NL01;2019MM06;550"
"2400097;3.5.5;NL01;2019MM07;594"
"2400098;3.5.5;NL01;2019MM08;597"
"2400099;3.5.5;NL01;2019MM09;554"
"2400100;3.5.5;NL01;2019MM10;507"
"2400101;3.5.5;NL01;2019MM11;535"
"2400102;3.5.5;NL01;2019MM12;515"
"2400104;3.5.5;NL01;2020MM01;670"
"2400105;3.5.5;NL01;2020MM02;601"
"2400106;3.5.5;NL01;2020MM03;684"
"2400107;3.5.5;NL01;2020MM04;743"
"2400108;3.5.5;NL01;2020MM05;879"
"2400109;3.5.5;NL01;2020MM06;753"
"2400110;3.5.5;NL01;2020MM07;753"
"2400111;3.5.5;NL01;2020MM08;725"
"2400112;3.5.5;NL01;2020MM09;684"
"2400113;3.5.5;NL01;2020MM10;766"
"2400114;3.5.5;NL01;2020MM11;791"
"2400115;3.5.5;NL01;2020MM12;692"
"2400117;3.5.5;NL01;2021MM01;777"
"2400118;3.5.5;NL01;2021MM02;669"
"2400119;3.5.5;NL01;2021MM03;750"
"2400120;3.5.5;NL01;2021MM04;735"
"2400121;3.5.5;NL01;2021MM05;693"
"2400122;3.5.5;NL01;2021MM06;828"
"2400123;3.5.5;NL01;2021MM07;846"
"2400124;3.5.5;NL01;2021MM08;830"
"2448084;3.6.4;NL01;2018MM07;552"
"2448085;3.6.4;NL01;2018MM08;554"
"2448086;3.6.4;NL01;2018MM09;505"
"2448087;3.6.4;NL01;2018MM10;543"
"2448088;3.6.4;NL01;2018MM11;481"
"2448089;3.6.4;NL01;2018MM12;507"
"2448091;3.6.4;NL01;2019MM01;503"
"2448092;3.6.4;NL01;2019MM02;483"
"2448093;3.6.4;NL01;2019MM03;616"
"2448094;3.6.4;NL01;2019MM04;599"
"2448095;3.6.4;NL01;2019MM05;597"
"2448096;3.6.4;NL01;2019MM06;605"
"2448097;3.6.4;NL01;2019MM07;637"
"2448098;3.6.4;NL01;2019MM08;630"
"2448099;3.6.4;NL01;2019MM09;536"
"2448100;3.6.4;NL01;2019MM10;675"
"2448101;3.6.4;NL01;2019MM11;536"
"2448102;3.6.4;NL01;2019MM12;584"
"2448104;3.6.4;NL01;2020MM01;610"
"2448105;3.6.4;NL01;2020MM02;569"
"2448106;3.6.4;NL01;2020MM03;427"
"2448107;3.6.4;NL01;2020MM04;518"
"2448108;3.6.4;NL01;2020MM05;505"
"2448109;3.6.4;NL01;2020MM06;627"
"2448110;3.6.4;NL01;2020MM07;593"
"2448111;3.6.4;NL01;2020MM08;665"
"2448112;3.6.4;NL01;2020MM09;521"
"2448113;3.6.4;NL01;2020MM10;565"
"2448114;3.6.4;NL01;2020MM11;497"
"2448115;3.6.4;NL01;2020MM12;452"
"2448117;3.6.4;NL01;2021MM01;863"
"2448118;3.6.4;NL01;2021MM02;429"
"2448119;3.6.4;NL01;2021MM03;937"
"2448120;3.6.4;NL01;2021MM04;736"
"2448121;3.6.4;NL01;2021MM05;557"
"2448122;3.6.4;NL01;2021MM06;562"
"2448123;3.6.4;NL01;2021MM07;575"
"2448124;3.6.4;NL01;2021MM08;591"
"2496084;3.7.1;NL01;2018MM07;33"
"2496085;3.7.1;NL01;2018MM08;30"
"2496086;3.7.1;NL01;2018MM09;31"
"2496087;3.7.1;NL01;2018MM10;29"
"2496088;3.7.1;NL01;2018MM11;21"
"2496089;3.7.1;NL01;2018MM12;25"
"2496091;3.7.1;NL01;2019MM01;71"
"2496092;3.7.1;NL01;2019MM02;46"
"2496093;3.7.1;NL01;2019MM03;45"
"2496094;3.7.1;NL01;2019MM04;31"
"2496095;3.7.1;NL01;2019MM05;34"
"2496096;3.7.1;NL01;2019MM06;25"
"2496097;3.7.1;NL01;2019MM07;33"
"2496098;3.7.1;NL01;2019MM08;45"
"2496099;3.7.1;NL01;2019MM09;34"
"2496100;3.7.1;NL01;2019MM10;36"
"2496101;3.7.1;NL01;2019MM11;33"
"2496102;3.7.1;NL01;2019MM12;29"
"2496104;3.7.1;NL01;2020MM01;21"
"2496105;3.7.1;NL01;2020MM02;47"
"2496106;3.7.1;NL01;2020MM03;29"
"2496107;3.7.1;NL01;2020MM04;25"
"2496108;3.7.1;NL01;2020MM05;37"
"2496109;3.7.1;NL01;2020MM06;64"
"2496110;3.7.1;NL01;2020MM07;53"
"2496111;3.7.1;NL01;2020MM08;45"
"2496112;3.7.1;NL01;2020MM09;47"
"2496113;3.7.1;NL01;2020MM10;39"
"2496114;3.7.1;NL01;2020MM11;50"
"2496115;3.7.1;NL01;2020MM12;26"
"2496117;3.7.1;NL01;2021MM01;30"
"2496118;3.7.1;NL01;2021MM02;43"
"2496119;3.7.1;NL01;2021MM03;35"
"2496120;3.7.1;NL01;2021MM04;37"
"2496121;3.7.1;NL01;2021MM05;43"
"2496122;3.7.1;NL01;2021MM06;42"
"2496123;3.7.1;NL01;2021MM07;37"
"2496124;3.7.1;NL01;2021MM08;26"
"2544084;3.7.2;NL01;2018MM07;23"
"2544085;3.7.2;NL01;2018MM08;21"
"2544086;3.7.2;NL01;2018MM09;9"
"2544087;3.7.2;NL01;2018MM10;19"
"2544088;3.7.2;NL01;2018MM11;7"
"2544089;3.7.2;NL01;2018MM12;9"
"2544091;3.7.2;NL01;2019MM01;5"
"2544092;3.7.2;NL01;2019MM02;9"
"2544093;3.7.2;NL01;2019MM03;14"
"2544094;3.7.2;NL01;2019MM04;10"
"2544095;3.7.2;NL01;2019MM05;12"
"2544096;3.7.2;NL01;2019MM06;8"
"2544097;3.7.2;NL01;2019MM07;6"
"2544098;3.7.2;NL01;2019MM08;9"
"2544099;3.7.2;NL01;2019MM09;7"
"2544100;3.7.2;NL01;2019MM10;5"
"2544101;3.7.2;NL01;2019MM11;3"
"2544102;3.7.2;NL01;2019MM12;9"
"2544104;3.7.2;NL01;2020MM01;6"
"2544105;3.7.2;NL01;2020MM02;8"
"2544106;3.7.2;NL01;2020MM03;5"
"2544107;3.7.2;NL01;2020MM04;6"
"2544108;3.7.2;NL01;2020MM05;6"
"2544109;3.7.2;NL01;2020MM06;1"
"2544110;3.7.2;NL01;2020MM07;4"
"2544111;3.7.2;NL01;2020MM08;4"
"2544112;3.7.2;NL01;2020MM09;8"
"2544113;3.7.2;NL01;2020MM10;6"
"2544114;3.7.2;NL01;2020MM11;9"
"2544115;3.7.2;NL01;2020MM12;6"
"2544117;3.7.2;NL01;2021MM01;6"
"2544118;3.7.2;NL01;2021MM02;12"
"2544119;3.7.2;NL01;2021MM03;28"
"2544120;3.7.2;NL01;2021MM04;20"
"2544121;3.7.2;NL01;2021MM05;12"
"2544122;3.7.2;NL01;2021MM06;13"
"2544123;3.7.2;NL01;2021MM07;12"
"2544124;3.7.2;NL01;2021MM08;17"
"2592084;3.7.3;NL01;2018MM07;1029"
"2592085;3.7.3;NL01;2018MM08;1002"
"2592086;3.7.3;NL01;2018MM09;937"
"2592087;3.7.3;NL01;2018MM10;940"
"2592088;3.7.3;NL01;2018MM11;915"
"2592089;3.7.3;NL01;2018MM12;890"
"2592091;3.7.3;NL01;2019MM01;879"
"2592092;3.7.3;NL01;2019MM02;880"
"2592093;3.7.3;NL01;2019MM03;1006"
"2592094;3.7.3;NL01;2019MM04;983"
"2592095;3.7.3;NL01;2019MM05;1027"
"2592096;3.7.3;NL01;2019MM06;980"
"2592097;3.7.3;NL01;2019MM07;970"
"2592098;3.7.3;NL01;2019MM08;899"
"2592099;3.7.3;NL01;2019MM09;829"
"2592100;3.7.3;NL01;2019MM10;936"
"2592101;3.7.3;NL01;2019MM11;941"
"2592102;3.7.3;NL01;2019MM12;885"
"2592104;3.7.3;NL01;2020MM01;926"
"2592105;3.7.3;NL01;2020MM02;956"
"2592106;3.7.3;NL01;2020MM03;815"
"2592107;3.7.3;NL01;2020MM04;1011"
"2592108;3.7.3;NL01;2020MM05;1070"
"2592109;3.7.3;NL01;2020MM06;1168"
"2592110;3.7.3;NL01;2020MM07;1105"
"2592111;3.7.3;NL01;2020MM08;1100"
"2592112;3.7.3;NL01;2020MM09;1009"
"2592113;3.7.3;NL01;2020MM10;1043"
"2592114;3.7.3;NL01;2020MM11;931"
"2592115;3.7.3;NL01;2020MM12;926"
"2592117;3.7.3;NL01;2021MM01;"
"2592118;3.7.3;NL01;2021MM02;"
"2592119;3.7.3;NL01;2021MM03;"
"2592120;3.7.3;NL01;2021MM04;"
"2592121;3.7.3;NL01;2021MM05;"
"2592122;3.7.3;NL01;2021MM06;"
"2592123;3.7.3;NL01;2021MM07;"
"2592124;3.7.3;NL01;2021MM08;"
"2640084;3.7.4;NL01;2018MM07;210"
"2640085;3.7.4;NL01;2018MM08;246"
"2640086;3.7.4;NL01;2018MM09;241"
"2640087;3.7.4;NL01;2018MM10;330"
"2640088;3.7.4;NL01;2018MM11;296"
"2640089;3.7.4;NL01;2018MM12;252"
"2640091;3.7.4;NL01;2019MM01;332"
"2640092;3.7.4;NL01;2019MM02;320"
"2640093;3.7.4;NL01;2019MM03;319"
"2640094;3.7.4;NL01;2019MM04;318"
"2640095;3.7.4;NL01;2019MM05;388"
"2640096;3.7.4;NL01;2019MM06;379"
"2640097;3.7.4;NL01;2019MM07;465"
"2640098;3.7.4;NL01;2019MM08;414"
"2640099;3.7.4;NL01;2019MM09;395"
"2640100;3.7.4;NL01;2019MM10;497"
"2640101;3.7.4;NL01;2019MM11;480"
"2640102;3.7.4;NL01;2019MM12;408"
"2640104;3.7.4;NL01;2020MM01;564"
"2640105;3.7.4;NL01;2020MM02;688"
"2640106;3.7.4;NL01;2020MM03;704"
"2640107;3.7.4;NL01;2020MM04;876"
"2640108;3.7.4;NL01;2020MM05;1888"
"2640109;3.7.4;NL01;2020MM06;848"
"2640110;3.7.4;NL01;2020MM07;804"
"2640111;3.7.4;NL01;2020MM08;656"
"2640112;3.7.4;NL01;2020MM09;835"
"2640113;3.7.4;NL01;2020MM10;979"
"2640114;3.7.4;NL01;2020MM11;947"
"2640115;3.7.4;NL01;2020MM12;981"
"2640117;3.7.4;NL01;2021MM01;1052"
"2640118;3.7.4;NL01;2021MM02;1340"
"2640119;3.7.4;NL01;2021MM03;1419"
"2640120;3.7.4;NL01;2021MM04;1209"
"2640121;3.7.4;NL01;2021MM05;1081"
"2640122;3.7.4;NL01;2021MM06;1217"
"2640123;3.7.4;NL01;2021MM07;1157"
"2640124;3.7.4;NL01;2021MM08;1086"
"2688084;3.9.1;NL01;2018MM07;5176"
"2688085;3.9.1;NL01;2018MM08;6020"
"2688086;3.9.1;NL01;2018MM09;5767"
"2688087;3.9.1;NL01;2018MM10;5840"
"2688088;3.9.1;NL01;2018MM11;6325"
"2688089;3.9.1;NL01;2018MM12;4818"
"2688091;3.9.1;NL01;2019MM01;6724"
"2688092;3.9.1;NL01;2019MM02;5972"
"2688093;3.9.1;NL01;2019MM03;6449"
"2688094;3.9.1;NL01;2019MM04;5842"
"2688095;3.9.1;NL01;2019MM05;5520"
"2688096;3.9.1;NL01;2019MM06;7788"
"2688097;3.9.1;NL01;2019MM07;7688"
"2688098;3.9.1;NL01;2019MM08;6514"
"2688099;3.9.1;NL01;2019MM09;7809"
"2688100;3.9.1;NL01;2019MM10;9164"
"2688101;3.9.1;NL01;2019MM11;7224"
"2688102;3.9.1;NL01;2019MM12;7883"
"2688104;3.9.1;NL01;2020MM01;9385"
"2688105;3.9.1;NL01;2020MM02;7482"
"2688106;3.9.1;NL01;2020MM03;8639"
"2688107;3.9.1;NL01;2020MM04;9949"
"2688108;3.9.1;NL01;2020MM05;11656"
"2688109;3.9.1;NL01;2020MM06;12073"
"2688110;3.9.1;NL01;2020MM07;11171"
"2688111;3.9.1;NL01;2020MM08;9573"
"2688112;3.9.1;NL01;2020MM09;10383"
"2688113;3.9.1;NL01;2020MM10;11932"
"2688114;3.9.1;NL01;2020MM11;10543"
"2688115;3.9.1;NL01;2020MM12;12751"
"2688117;3.9.1;NL01;2021MM01;9874"
"2688118;3.9.1;NL01;2021MM02;11287"
"2688119;3.9.1;NL01;2021MM03;15302"
"2688120;3.9.1;NL01;2021MM04;10273"
"2688121;3.9.1;NL01;2021MM05;9551"
"2688122;3.9.1;NL01;2021MM06;9530"
"2688123;3.9.1;NL01;2021MM07;9341"
"2688124;3.9.1;NL01;2021MM08;9049"
"2736084;3.9.2;NL01;2018MM07;35"
"2736085;3.9.2;NL01;2018MM08;35"
"2736086;3.9.2;NL01;2018MM09;27"
"2736087;3.9.2;NL01;2018MM10;43"
"2736088;3.9.2;NL01;2018MM11;40"
"2736089;3.9.2;NL01;2018MM12;28"
"2736091;3.9.2;NL01;2019MM01;64"
"2736092;3.9.2;NL01;2019MM02;31"
"2736093;3.9.2;NL01;2019MM03;37"
"2736094;3.9.2;NL01;2019MM04;38"
"2736095;3.9.2;NL01;2019MM05;32"
"2736096;3.9.2;NL01;2019MM06;31"
"2736097;3.9.2;NL01;2019MM07;60"
"2736098;3.9.2;NL01;2019MM08;42"
"2736099;3.9.2;NL01;2019MM09;54"
"2736100;3.9.2;NL01;2019MM10;43"
"2736101;3.9.2;NL01;2019MM11;35"
"2736102;3.9.2;NL01;2019MM12;34"
"2736104;3.9.2;NL01;2020MM01;41"
"2736105;3.9.2;NL01;2020MM02;39"
"2736106;3.9.2;NL01;2020MM03;42"
"2736107;3.9.2;NL01;2020MM04;30"
"2736108;3.9.2;NL01;2020MM05;19"
"2736109;3.9.2;NL01;2020MM06;28"
"2736110;3.9.2;NL01;2020MM07;41"
"2736111;3.9.2;NL01;2020MM08;34"
"2736112;3.9.2;NL01;2020MM09;44"
"2736113;3.9.2;NL01;2020MM10;41"
"2736114;3.9.2;NL01;2020MM11;35"
"2736115;3.9.2;NL01;2020MM12;20"
"2736117;3.9.2;NL01;2021MM01;24"
"2736118;3.9.2;NL01;2021MM02;31"
"2736119;3.9.2;NL01;2021MM03;53"
"2736120;3.9.2;NL01;2021MM04;27"
"2736121;3.9.2;NL01;2021MM05;28"
"2736122;3.9.2;NL01;2021MM06;32"
"2736123;3.9.2;NL01;2021MM07;25"
"2736124;3.9.2;NL01;2021MM08;35"
"2784084;3.9.3;NL01;2018MM07;147"
"2784085;3.9.3;NL01;2018MM08;156"
"2784086;3.9.3;NL01;2018MM09;107"
"2784087;3.9.3;NL01;2018MM10;156"
"2784088;3.9.3;NL01;2018MM11;181"
"2784089;3.9.3;NL01;2018MM12;187"
"2784091;3.9.3;NL01;2019MM01;207"
"2784092;3.9.3;NL01;2019MM02;164"
"2784093;3.9.3;NL01;2019MM03;103"
"2784094;3.9.3;NL01;2019MM04;132"
"2784095;3.9.3;NL01;2019MM05;128"
"2784096;3.9.3;NL01;2019MM06;126"
"2784097;3.9.3;NL01;2019MM07;150"
"2784098;3.9.3;NL01;2019MM08;127"
"2784099;3.9.3;NL01;2019MM09;129"
"2784100;3.9.3;NL01;2019MM10;187"
"2784101;3.9.3;NL01;2019MM11;215"
"2784102;3.9.3;NL01;2019MM12;251"
"2784104;3.9.3;NL01;2020MM01;238"
"2784105;3.9.3;NL01;2020MM02;240"
"2784106;3.9.3;NL01;2020MM03;130"
"2784107;3.9.3;NL01;2020MM04;84"
"2784108;3.9.3;NL01;2020MM05;93"
"2784109;3.9.3;NL01;2020MM06;67"
"2784110;3.9.3;NL01;2020MM07;70"
"2784111;3.9.3;NL01;2020MM08;77"
"2784112;3.9.3;NL01;2020MM09;80"
"2784113;3.9.3;NL01;2020MM10;121"
"2784114;3.9.3;NL01;2020MM11;111"
"2784115;3.9.3;NL01;2020MM12;136"
"2784117;3.9.3;NL01;2021MM01;104"
"2784118;3.9.3;NL01;2021MM02;103"
"2784119;3.9.3;NL01;2021MM03;105"
"2784120;3.9.3;NL01;2021MM04;90"
"2784121;3.9.3;NL01;2021MM05;80"
"2784122;3.9.3;NL01;2021MM06;81"
"2784123;3.9.3;NL01;2021MM07;87"
"2784124;3.9.3;NL01;2021MM08;63"
